,# assembly_accession,bioproject,biosample,wgs_master,refseq_category,taxid,species_taxid,organism_name,infraspecific_name,isolate,version_status,assembly_level,release_type,genome_rep,seq_rel_date,asm_name,submitter,gbrs_paired_asm,paired_asm_comp,ftp_path,excluded_from_refseq,relation_to_type_material,asm_not_live_date,sp
0,GCF_000069185.1,PRJNA224116,SAMEA3138276,,na,561007,36809,Mycobacteroides abscessus ATCC 19977,strain=ATCC 19977,,latest,Complete Genome,Major,Full,2008/03/01,ASM6918v1,Genoscope,GCA_000069185.1,identical,https://ftp.ncbi.nlm.nih.gov/genomes/all/GCF/000/069/185/GCF_000069185.1_ASM6918v1,,assembly from type material,na,Mycobacteroides_abscessus
223,GCF_010726645.1,PRJNA224116,SAMD00153169,,representative genome,39688,39688,Mycolicibacterium duvalii,strain=JCM 6396,,latest,Complete Genome,Major,Full,2020/02/06,ASM1072664v1,"Department of Infection Metagenomics, Osaka University",GCA_010726645.1,identical,https://ftp.ncbi.nlm.nih.gov/genomes/all/GCF/010/726/645/GCF_010726645.1_ASM1072664v1,,assembly from type material,na,Mycolicibacterium_duvalii
226,GCF_010728155.1,PRJNA224116,SAMD00153178,,representative genome,126673,126673,Mycolicibacterium doricum,strain=JCM 12405,,latest,Complete Genome,Major,Full,2020/02/06,ASM1072815v1,"Department of Infection Metagenomics, Osaka University",GCA_010728155.1,identical,https://ftp.ncbi.nlm.nih.gov/genomes/all/GCF/010/728/155/GCF_010728155.1_ASM1072815v1,,assembly from type material,na,Mycolicibacterium_doricum
228,GCF_019456655.1,PRJNA224116,SAMN20254259,,representative genome,1801,1801,Mycolicibacterium diernhoferi,strain=ATCC 19340,,latest,Complete Genome,Major,Full,2021/08/06,ASM1945665v1,Research Institute of Tuberculosis,GCA_019456655.1,identical,https://ftp.ncbi.nlm.nih.gov/genomes/all/GCF/019/456/655/GCF_019456655.1_ASM1945665v1,,assembly from type material,na,Mycolicibacterium_diernhoferi
230,GCF_022370635.2,PRJNA224116,SAMN20254251,,representative genome,388459,388459,Mycolicibacterium crocinum,strain=JCM 16369,,latest,Complete Genome,Major,Full,2022/09/02,ASM2237063v3,Research Institute of Tuberculosis,GCA_022370635.3,identical,https://ftp.ncbi.nlm.nih.gov/genomes/all/GCF/022/370/635/GCF_022370635.2_ASM2237063v3,,assembly from type material,na,Mycolicibacterium_crocinum
235,GCF_010729895.1,PRJNA224116,SAMD00153189,,representative genome,28047,28047,Mycolicibacterium confluentis,strain=JCM 13671,,latest,Complete Genome,Major,Full,2020/02/06,ASM1072989v1,"Department of Infection Metagenomics, Osaka University",GCA_010729895.1,identical,https://ftp.ncbi.nlm.nih.gov/genomes/all/GCF/010/729/895/GCF_010729895.1_ASM1072989v1,,assembly from type material,na,Mycolicibacterium_confluentis
243,GCF_010727725.1,PRJNA224116,SAMD00153176,,na,1792,1792,Mycolicibacterium chitae,strain=JCM 12403,,latest,Complete Genome,Major,Full,2020/02/06,ASM1072772v1,"Department of Infection Metagenomics, Osaka University",GCA_010727725.1,identical,https://ftp.ncbi.nlm.nih.gov/genomes/all/GCF/010/727/725/GCF_010727725.1_ASM1072772v1,,assembly from type material,na,Mycolicibacterium_chitae
249,GCF_025215495.1,PRJNA224116,SAMN25131781,,representative genome,85968,85968,Mycolicibacterium brumae,strain=ATCC 51384,,latest,Complete Genome,Major,Full,2022/09/15,ASM2521549v1,I2Sysbio-University of Valencia,GCA_025215495.1,identical,https://ftp.ncbi.nlm.nih.gov/genomes/all/GCF/025/215/495/GCF_025215495.1_ASM2521549v1,,assembly from type material,na,Mycolicibacterium_brumae
252,GCF_010731295.1,PRJNA224116,SAMD00153197,,representative genome,146017,146017,Mycolicibacterium boenickei,strain=JCM 15653,,latest,Complete Genome,Major,Full,2020/02/06,ASM1073129v1,"Department of Infection Metagenomics, Osaka University",GCA_010731295.1,identical,https://ftp.ncbi.nlm.nih.gov/genomes/all/GCF/010/731/295/GCF_010731295.1_ASM1073129v1,,assembly from type material,na,Mycolicibacterium_boenickei
255,GCF_016313185.1,PRJNA224116,SAMN17013278,,representative genome,2761578,2761578,Mycolicibacterium baixiangningiae,strain=LJ126,,latest,Complete Genome,Major,Full,2020/12/23,ASM1631318v1,"National Institute for Communicable Disease Control and Prevention, Chinese Center for Disease Contr",GCA_016313185.1,identical,https://ftp.ncbi.nlm.nih.gov/genomes/all/GCF/016/313/185/GCF_016313185.1_ASM1631318v1,,assembly from type material,na,Mycolicibacterium_baixiangningiae
262,GCF_010726955.1,PRJNA224116,SAMD00153171,,representative genome,1793,1793,Mycolicibacterium fallax,strain=JCM 6405,,latest,Complete Genome,Major,Full,2020/02/06,ASM1072695v1,"Department of Infection Metagenomics, Osaka University",GCA_010726955.1,identical,https://ftp.ncbi.nlm.nih.gov/genomes/all/GCF/010/726/955/GCF_010726955.1_ASM1072695v1,,assembly from type material,na,Mycolicibacterium_fallax
269,GCF_010731695.1,PRJNA224116,SAMD00153207,,representative genome,758802,758802,Mycolicibacterium litorale,strain=JCM 17423,,latest,Complete Genome,Major,Full,2020/02/06,ASM1073169v1,"Department of Infection Metagenomics, Osaka University",GCA_010731695.1,identical,https://ftp.ncbi.nlm.nih.gov/genomes/all/GCF/010/731/695/GCF_010731695.1_ASM1073169v1,,assembly from type material,na,Mycolicibacterium_litorale
274,GCF_010731615.1,PRJNA224116,SAMD00153202,,representative genome,444597,444597,Mycolicibacterium insubricum,strain=JCM 16366,,latest,Complete Genome,Major,Full,2020/02/06,ASM1073161v1,"Department of Infection Metagenomics, Osaka University",GCA_010731615.1,identical,https://ftp.ncbi.nlm.nih.gov/genomes/all/GCF/010/731/615/GCF_010731615.1_ASM1073161v1,,assembly from type material,na,Mycolicibacterium_insubricum
279,GCF_010727475.1,PRJNA224116,SAMD00153174,,representative genome,53462,53462,Mycolicibacterium mageritense,strain=JCM 12375,,latest,Complete Genome,Major,Full,2020/02/06,ASM1072747v1,"Department of Infection Metagenomics, Osaka University",GCA_010727475.1,identical,https://ftp.ncbi.nlm.nih.gov/genomes/all/GCF/010/727/475/GCF_010727475.1_ASM1072747v1,,assembly from type material,na,Mycolicibacterium_mageritense
280,GCF_019645835.1,PRJNA224116,SAMN20254262,,representative genome,1226752,152142,Mycolicibacterium holsaticum DSM 44478 = JCM 12374,strain=JCM 12374,,latest,Complete Genome,Major,Full,2021/08/17,ASM1964583v1,Research Institute of Tuberculosis,GCA_019645835.1,identical,https://ftp.ncbi.nlm.nih.gov/genomes/all/GCF/019/645/835/GCF_019645835.1_ASM1964583v1,,assembly from type material,na,Mycolicibacterium_holsaticum
284,GCF_010731895.1,PRJNA224116,SAMD00153218,,representative genome,1534349,1534349,Mycolicibacterium helvum,strain=JCM 30396,,latest,Complete Genome,Major,Full,2020/02/06,ASM1073189v1,"Department of Infection Metagenomics, Osaka University",GCA_010731895.1,identical,https://ftp.ncbi.nlm.nih.gov/genomes/all/GCF/010/731/895/GCF_010731895.1_ASM1073189v1,,assembly from type material,na,Mycolicibacterium_helvum
289,GCF_010728925.1,PRJNA224116,SAMD00153182,,representative genome,1794,1794,Mycolicibacterium gadium,strain=JCM 12688,,latest,Complete Genome,Major,Full,2020/02/06,ASM1072892v1,"Department of Infection Metagenomics, Osaka University",GCA_010728925.1,identical,https://ftp.ncbi.nlm.nih.gov/genomes/all/GCF/010/728/925/GCF_010728925.1_ASM1072892v1,,assembly from type material,na,Mycolicibacterium_gadium
296,GCF_004924335.1,PRJNA224116,SAMN07807803,,representative genome,404941,404941,Mycobacteroides salmoniphilum,strain=DSM 43276,,latest,Complete Genome,Major,Full,2019/04/30,ASM492433v1,Uppsala University,GCA_004924335.1,identical,https://ftp.ncbi.nlm.nih.gov/genomes/all/GCF/004/924/335/GCF_004924335.1_ASM492433v1,,assembly from type material,na,Mycobacteroides_salmoniphilum
297,GCF_010728325.1,PRJNA224116,SAMD00153179,,representative genome,39694,39694,Mycolicibacterium poriferae,strain=JCM 12603,,latest,Complete Genome,Major,Full,2020/02/06,ASM1072832v1,"Department of Infection Metagenomics, Osaka University",GCA_010728325.1,identical,https://ftp.ncbi.nlm.nih.gov/genomes/all/GCF/010/728/325/GCF_010728325.1_ASM1072832v1,,assembly from type material,na,Mycolicibacterium_poriferae
299,GCF_022374875.2,PRJNA224116,SAMN20254267,,representative genome,318424,318424,Mycolicibacterium rufum,strain=JCM 16372,,latest,Complete Genome,Major,Full,2022/09/02,ASM2237487v3,Research Institute of Tuberculosis,GCA_022374875.3,identical,https://ftp.ncbi.nlm.nih.gov/genomes/all/GCF/022/374/875/GCF_022374875.2_ASM2237487v3,,assembly from type material,na,Mycolicibacterium_rufum
221,GCF_010729665.1,PRJNA224116,SAMD00153188,,representative genome,212765,212765,Mycolicibacterium madagascariense,strain=JCM 13574,,latest,Complete Genome,Major,Full,2020/02/06,ASM1072966v1,"Department of Infection Metagenomics, Osaka University",GCA_010729665.1,identical,https://ftp.ncbi.nlm.nih.gov/genomes/all/GCF/010/729/665/GCF_010729665.1_ASM1072966v1,,assembly from type material,na,Mycolicibacterium_madagascariense
210,GCF_019645875.1,PRJNA224116,SAMN20254268,,representative genome,1796,1796,Mycolicibacterium senegalense,strain=ATCC 35796,,latest,Complete Genome,Major,Full,2021/08/17,ASM1964587v1,Research Institute of Tuberculosis,GCA_019645875.1,identical,https://ftp.ncbi.nlm.nih.gov/genomes/all/GCF/019/645/875/GCF_019645875.1_ASM1964587v1,,assembly from type material,na,Mycolicibacterium_senegalense
120,GCF_010729105.1,PRJNA224116,SAMD00153183,,representative genome,220927,220927,Mycobacterium saskatchewanense,strain=JCM 13016,,latest,Complete Genome,Major,Full,2020/02/06,ASM1072910v1,"Department of Infection Metagenomics, Osaka University",GCA_010729105.1,identical,https://ftp.ncbi.nlm.nih.gov/genomes/all/GCF/010/729/105/GCF_010729105.1_ASM1072910v1,,assembly from type material,na,Mycobacterium_saskatchewanense
121,GCF_010731875.1,PRJNA224116,SAMD00153217,,representative genome,1534348,1534348,Mycolicibacterium sarraceniae,strain=JCM 30395,,latest,Complete Genome,Major,Full,2020/02/06,ASM1073187v1,"Department of Infection Metagenomics, Osaka University",GCA_010731875.1,identical,https://ftp.ncbi.nlm.nih.gov/genomes/all/GCF/010/731/875/GCF_010731875.1_ASM1073187v1,,assembly from type material,na,Mycolicibacterium_sarraceniae
128,GCF_009936235.1,PRJNA224116,SAMD00197529,,na,1789,1789,Mycobacterium xenopi,strain=JCM 15661,,latest,Complete Genome,Major,Full,2019/12/25,ASM993623v1,"Mycobacteriology, National Institute of Infectious Diseases",GCA_009936235.1,identical,https://ftp.ncbi.nlm.nih.gov/genomes/all/GCF/009/936/235/GCF_009936235.1_ASM993623v1,,assembly from type material,na,Mycobacterium_xenopi
132,GCF_013466425.1,PRJNA224116,SAMN15540336,,representative genome,1719132,1719132,Mycobacterium vicinigordonae,strain=24,,latest,Complete Genome,Major,Full,2020/07/22,ASM1346642v1,"Beijing Chest Hospital, Capital Medical University",GCA_013466425.1,identical,https://ftp.ncbi.nlm.nih.gov/genomes/all/GCF/013/466/425/GCF_013466425.1_ASM1346642v1,,assembly from type material,na,Mycobacterium_vicinigordonae
133,GCF_000015305.1,PRJNA224116,SAMN02598347,,representative genome,350058,110539,Mycolicibacterium vanbaalenii PYR-1,strain=PYR-1,,latest,Complete Genome,Major,Full,2006/12/27,ASM1530v1,DOE Joint Genome Institute,GCA_000015305.1,identical,https://ftp.ncbi.nlm.nih.gov/genomes/all/GCF/000/015/305/GCF_000015305.1_ASM1530v1,,assembly from type material,na,Mycolicibacterium_vanbaalenii
137,GCF_022374915.2,PRJNA224116,SAMN20254269,,na,1809,1809,Mycobacterium ulcerans,strain=ATCC 19423,,latest,Complete Genome,Major,Full,2022/09/02,ASM2237491v3,Research Institute of Tuberculosis,GCA_022374915.3,identical,https://ftp.ncbi.nlm.nih.gov/genomes/all/GCF/022/374/915/GCF_022374915.2_ASM2237491v3,,assembly from type material,na,Mycobacterium_ulcerans
140,GCF_010725885.1,PRJNA224116,SAMD00153164,,representative genome,39695,39695,Mycolicibacterium tokaiense,strain=JCM 6373,,latest,Complete Genome,Major,Full,2020/02/06,ASM1072588v1,"Department of Infection Metagenomics, Osaka University",GCA_010725885.1,identical,https://ftp.ncbi.nlm.nih.gov/genomes/all/GCF/010/725/885/GCF_010725885.1_ASM1072588v1,,assembly from type material,na,Mycolicibacterium_tokaiense
147,GCF_010727125.1,PRJNA224116,SAMD00153172,,na,1788,1788,Mycolicibacter terrae,strain=JCM 12143,,latest,Complete Genome,Major,Full,2020/02/06,ASM1072712v1,"Department of Infection Metagenomics, Osaka University",GCA_010727125.1,identical,https://ftp.ncbi.nlm.nih.gov/genomes/all/GCF/010/727/125/GCF_010727125.1_ASM1072712v1,,assembly from type material,na,Mycolicibacter_terrae
151,GCF_010731795.1,PRJNA224116,SAMD00153212,,representative genome,1249101,1249101,Mycolicibacterium celeriflavum,strain=JCM 18439,,latest,Complete Genome,Major,Full,2020/02/06,ASM1073179v1,"Department of Infection Metagenomics, Osaka University",GCA_010731795.1,identical,https://ftp.ncbi.nlm.nih.gov/genomes/all/GCF/010/731/795/GCF_010731795.1_ASM1073179v1,,assembly from type material,na,Mycolicibacterium_celeriflavum
158,GCF_010731115.1,PRJNA224116,SAMD00153196,,representative genome,319706,319706,Mycolicibacterium phocaicum,strain=JCM 15301,,latest,Complete Genome,Major,Full,2020/02/06,ASM1073111v1,"Department of Infection Metagenomics, Osaka University",GCA_010731115.1,identical,https://ftp.ncbi.nlm.nih.gov/genomes/all/GCF/010/731/115/GCF_010731115.1_ASM1073111v1,,assembly from type material,na,Mycolicibacterium_phocaicum
160,GCF_001583415.1,PRJNA224116,SAMN04481318,,na,1771,1771,Mycolicibacterium phlei,strain=CCUG 21000,,latest,Complete Genome,Major,Full,2016/03/08,ASM158341v1,Uppsala University,GCA_001583415.1,identical,https://ftp.ncbi.nlm.nih.gov/genomes/all/GCF/001/583/415/GCF_001583415.1_ASM158341v1,,assembly from type material,na,Mycolicibacterium_phlei
165,GCF_010725485.1,PRJNA224116,SAMD00153162,,representative genome,39692,39692,Mycolicibacterium parafortuitum,strain=JCM 6367,,latest,Complete Genome,Major,Full,2020/02/06,ASM1072548v1,"Department of Infection Metagenomics, Osaka University",GCA_010725485.1,identical,https://ftp.ncbi.nlm.nih.gov/genomes/all/GCF/010/725/485/GCF_010725485.1_ASM1072548v1,,assembly from type material,na,Mycolicibacterium_parafortuitum
166,GCF_019456675.1,PRJNA224116,SAMN20254255,,representative genome,370524,370524,Mycolicibacterium pallens,strain=JCM 16370,,latest,Complete Genome,Major,Full,2021/08/06,ASM1945667v1,Research Institute of Tuberculosis,GCA_019456675.1,identical,https://ftp.ncbi.nlm.nih.gov/genomes/all/GCF/019/456/675/GCF_019456675.1_ASM1945667v1,,assembly from type material,na,Mycolicibacterium_pallens
178,GCF_010726085.1,PRJNA224116,SAMD00153165,,representative genome,39691,39691,Mycolicibacterium moriokaense,strain=JCM 6375,,latest,Complete Genome,Major,Full,2020/02/06,ASM1072608v1,"Department of Infection Metagenomics, Osaka University",GCA_010726085.1,identical,https://ftp.ncbi.nlm.nih.gov/genomes/all/GCF/010/726/085/GCF_010726085.1_ASM1072608v1,,assembly from type material,na,Mycolicibacterium_moriokaense
181,GCF_009931355.1,PRJNA224116,SAMN10880098,,na,1226751,85693,Mycolicibacterium monacense DSM 44395,strain=DSM 44395,,latest,Complete Genome,Major,Full,2020/01/27,ASM993135v1,Uppsala University,GCA_009931355.1,identical,https://ftp.ncbi.nlm.nih.gov/genomes/all/GCF/009/931/355/GCF_009931355.1_ASM993135v1,,assembly from type material,na,Mycolicibacterium_monacense
182,GCF_010731575.1,PRJNA224116,SAMD00153199,,representative genome,85693,85693,Mycolicibacterium monacense,strain=JCM 15658,,latest,Complete Genome,Major,Full,2020/02/06,ASM1073157v1,"Department of Infection Metagenomics, Osaka University",GCA_010731575.1,identical,https://ftp.ncbi.nlm.nih.gov/genomes/all/GCF/010/731/575/GCF_010731575.1_ASM1073157v1,,assembly from type material,na,Mycolicibacterium_monacense
184,GCF_010729305.1,PRJNA224116,SAMD00153184,,representative genome,216929,216929,Mycolicibacterium psychrotolerans,strain=JCM 13323,,latest,Complete Genome,Major,Full,2020/02/06,ASM1072930v1,"Department of Infection Metagenomics, Osaka University",GCA_010729305.1,identical,https://ftp.ncbi.nlm.nih.gov/genomes/all/GCF/010/729/305/GCF_010729305.1_ASM1072930v1,,assembly from type material,na,Mycolicibacterium_psychrotolerans
186,GCF_010725725.1,PRJNA224116,SAMD00153163,,representative genome,36813,36813,Mycolicibacterium pulveris,strain=JCM 6370,,latest,Complete Genome,Major,Full,2020/02/06,ASM1072572v1,"Department of Infection Metagenomics, Osaka University",GCA_010725725.1,identical,https://ftp.ncbi.nlm.nih.gov/genomes/all/GCF/010/725/725/GCF_010725725.1_ASM1072572v1,,assembly from type material,na,Mycolicibacterium_pulveris
203,GCF_015710575.1,PRJNA224116,SAMN16862530,,representative genome,2736649,2736649,Mycolicibacterium mengxianglii,strain=Z-34,,latest,Complete Genome,Major,Full,2020/12/18,ASM1571057v2,"National Institute for Communicable Disease Control and Prevention, Chinese Center for Disease Contr",GCA_015710575.2,identical,https://ftp.ncbi.nlm.nih.gov/genomes/all/GCF/015/710/575/GCF_015710575.1_ASM1571057v2,,assembly from type material,na,Mycolicibacterium_mengxianglii
317,GCF_010727945.1,PRJNA224116,SAMD00153177,,representative genome,1775,1775,Mycobacterium cookii,strain=JCM 12404,,latest,Complete Genome,Major,Full,2020/02/06,ASM1072794v1,"Department of Infection Metagenomics, Osaka University",GCA_010727945.1,identical,https://ftp.ncbi.nlm.nih.gov/genomes/all/GCF/010/727/945/GCF_010727945.1_ASM1072794v1,,assembly from type material,na,Mycobacterium_cookii
320,GCF_010730195.1,PRJNA224116,SAMD00153191,,representative genome,44010,44010,Mycobacterium conspicuum,strain=JCM 14738,,latest,Complete Genome,Major,Full,2020/02/06,ASM1073019v1,"Department of Infection Metagenomics, Osaka University",GCA_010730195.1,identical,https://ftp.ncbi.nlm.nih.gov/genomes/all/GCF/010/730/195/GCF_010730195.1_ASM1073019v1,,assembly from type material,na,Mycobacterium_conspicuum
461,GCF_003584745.1,PRJNA224116,SAMD00096819,,representative genome,1136880,265949,Mycobacterium pseudoshottsii JCM 15466,strain=JCM 15466,,latest,Complete Genome,Major,Full,2017/10/25,ASM358474v1,National Institute of Infectious Diseases,GCA_003584745.1,identical,https://ftp.ncbi.nlm.nih.gov/genomes/all/GCF/003/584/745/GCF_003584745.1_ASM358474v1,,assembly from type material,na,Mycobacterium_pseudoshottsii
465,GCF_005670685.2,PRJNA224116,SAMN08339096,,representative genome,1226753,56689,Mycolicibacterium mucogenicum DSM 44124,strain=DSM 44124,,latest,Complete Genome,Major,Full,2020/11/23,ASM567068v2,Uppsala University,GCA_005670685.2,identical,https://ftp.ncbi.nlm.nih.gov/genomes/all/GCF/005/670/685/GCF_005670685.2_ASM567068v2,,,na,Mycolicibacterium_mucogenicum
477,GCF_010730575.1,PRJNA224116,SAMD00153193,,representative genome,185642,185642,Mycobacterium parmense,strain=JCM 14742,,latest,Complete Genome,Major,Full,2020/02/06,ASM1073057v1,"Department of Infection Metagenomics, Osaka University",GCA_010730575.1,identical,https://ftp.ncbi.nlm.nih.gov/genomes/all/GCF/010/730/575/GCF_010730575.1_ASM1073057v1,,assembly from type material,na,Mycobacterium_parmense
479,GCF_022430545.2,PRJNA224116,SAMN20254271,,representative genome,577492,577492,Mycobacterium paraterrae,strain=DSM 45127,,latest,Complete Genome,Major,Full,2022/09/07,ASM2243054v2,Research Institute of Tuberculosis,GCA_022430545.2,identical,https://ftp.ncbi.nlm.nih.gov/genomes/all/GCF/022/430/545/GCF_022430545.2_ASM2243054v2,,assembly from type material,na,Mycobacterium_paraterrae
481,GCF_010731655.1,PRJNA224116,SAMD00153204,,representative genome,590652,590652,Mycobacterium paraseoulense,strain=JCM 16952,,latest,Complete Genome,Major,Full,2020/02/06,ASM1073165v1,"Department of Infection Metagenomics, Osaka University",GCA_010731655.1,identical,https://ftp.ncbi.nlm.nih.gov/genomes/all/GCF/010/731/655/GCF_010731655.1_ASM1073165v1,,assembly from type material,na,Mycobacterium_paraseoulense
491,GCF_015689175.1,PRJNA224116,SAMN16828374,,na,120959,120959,Mycobacterium kubicae,strain=JCM 13573,,latest,Complete Genome,Major,Full,2020/11/25,ASM1568917v1,National Jewish Health,GCA_015689175.1,identical,https://ftp.ncbi.nlm.nih.gov/genomes/all/GCF/015/689/175/GCF_015689175.1_ASM1568917v1,,assembly from type material,na,Mycobacterium_kubicae
494,GCF_000157895.3,PRJNA224116,SAMN02603596,,representative genome,557599,1768,Mycobacterium kansasii ATCC 12478,strain=ATCC 12478,,latest,Complete Genome,Major,Full,2013/11/01,ASM15789v2,McGill University,GCA_000157895.2,identical,https://ftp.ncbi.nlm.nih.gov/genomes/all/GCF/000/157/895/GCF_000157895.3_ASM15789v2,,assembly from type material,na,Mycobacterium_kansasii
515,GCF_010731535.1,PRJNA224116,SAMD00153198,,representative genome,169765,169765,Mycobacterium lacus,strain=JCM 15657,,latest,Complete Genome,Major,Full,2020/02/06,ASM1073153v1,"Department of Infection Metagenomics, Osaka University",GCA_010731535.1,identical,https://ftp.ncbi.nlm.nih.gov/genomes/all/GCF/010/731/535/GCF_010731535.1_ASM1073153v1,,assembly from type material,na,Mycobacterium_lacus
527,GCF_019645855.1,PRJNA224116,SAMN20254263,,representative genome,1780,1780,Mycobacterium malmoense,strain=ATCC 29571,,latest,Complete Genome,Major,Full,2021/08/17,ASM1964585v1,Research Institute of Tuberculosis,GCA_019645855.1,identical,https://ftp.ncbi.nlm.nih.gov/genomes/all/GCF/019/645/855/GCF_019645855.1_ASM1964585v1,,assembly from type material,na,Mycobacterium_malmoense
537,GCF_022374895.2,PRJNA224116,SAMN20254258,,na,141349,141349,Mycobacterium lentiflavum,strain=ATCC 51985,,latest,Complete Genome,Major,Full,2022/08/24,ASM2237489v2,Research Institute of Tuberculosis,GCA_022374895.2,identical,https://ftp.ncbi.nlm.nih.gov/genomes/all/GCF/022/374/895/GCF_022374895.2_ASM2237489v2,,assembly from type material,na,Mycobacterium_lentiflavum
449,GCF_010731935.1,PRJNA224116,SAMD00153220,,na,1138383,1138383,Mycobacterium paraintracellulare,strain=JCM 30622,,latest,Complete Genome,Major,Full,2020/02/06,ASM1073193v1,"Department of Infection Metagenomics, Osaka University",GCA_010731935.1,identical,https://ftp.ncbi.nlm.nih.gov/genomes/all/GCF/010/731/935/GCF_010731935.1_ASM1073193v1,,assembly from type material,na,Mycobacterium_paraintracellulare
445,GCF_003614435.1,PRJNA224116,SAMN08222636,,representative genome,1389713,1389713,Mycobacterium paragordonae,strain=49061,,latest,Complete Genome,Major,Full,2018/10/04,ASM361443v1,Seoul National University College of Medicine,GCA_003614435.1,identical,https://ftp.ncbi.nlm.nih.gov/genomes/all/GCF/003/614/435/GCF_003614435.1_ASM361443v1,,assembly from type material,na,Mycobacterium_paragordonae
432,GCF_010731635.1,PRJNA224116,SAMD00153203,,representative genome,459858,459858,Mycobacterium noviomagense,strain=JCM 16367,,latest,Complete Genome,Major,Full,2020/02/06,ASM1073163v1,"Department of Infection Metagenomics, Osaka University",GCA_010731635.1,identical,https://ftp.ncbi.nlm.nih.gov/genomes/all/GCF/010/731/635/GCF_010731635.1_ASM1073163v1,,assembly from type material,na,Mycobacterium_noviomagense
328,GCF_002105755.1,PRJNA224116,SAMN06760893,,na,1041522,339268,Mycobacterium colombiense CECT 3035,strain=CECT 3035,,latest,Complete Genome,Major,Full,2017/04/24,ASM210575v1,National University of Colombia,GCA_002105755.1,identical,https://ftp.ncbi.nlm.nih.gov/genomes/all/GCF/002/105/755/GCF_002105755.1_ASM210575v1,,assembly from type material,na,Mycobacterium_colombiense
338,GCF_010730355.1,PRJNA224116,SAMD00153192,,representative genome,292462,292462,Mycobacterium florentinum,strain=JCM 14740,,latest,Complete Genome,Major,Full,2020/02/06,ASM1073035v1,"Department of Infection Metagenomics, Osaka University",GCA_010730355.1,identical,https://ftp.ncbi.nlm.nih.gov/genomes/all/GCF/010/730/355/GCF_010730355.1_ASM1073035v1,,assembly from type material,na,Mycobacterium_florentinum
342,GCF_010730745.1,PRJNA224116,SAMD00153194,,representative genome,53376,53376,Mycobacterium heidelbergense,strain=JCM 14842,,latest,Complete Genome,Major,Full,2020/02/06,ASM1073074v1,"Department of Infection Metagenomics, Osaka University",GCA_010730745.1,identical,https://ftp.ncbi.nlm.nih.gov/genomes/all/GCF/010/730/745/GCF_010730745.1_ASM1073074v1,,assembly from type material,na,Mycobacterium_heidelbergense
344,GCF_016592155.1,PRJNA224116,SAMD00265704,,na,110505,110505,Mycobacterium heckeshornense,strain=JCM 15655,,latest,Complete Genome,Major,Full,2020/12/28,ASM1659215v1,"Mycobacteriology, National Institute of Infectious Diseases",GCA_016592155.1,identical,https://ftp.ncbi.nlm.nih.gov/genomes/all/GCF/016/592/155/GCF_016592155.1_ASM1659215v1,,assembly from type material,na,Mycobacterium_heckeshornense
349,GCF_000340435.2,PRJNA224116,SAMN01918491,,representative genome,1202450,29311,Mycobacterium haemophilum DSM 44634,strain=ATCC 29548,,latest,Complete Genome,Major,Full,2015/10/30,ASM34043v3,Albert Einstein College of Medicine,GCA_000340435.3,identical,https://ftp.ncbi.nlm.nih.gov/genomes/all/GCF/000/340/435/GCF_000340435.2_ASM34043v3,,assembly from type material,na,Mycobacterium_haemophilum
351,GCF_008329645.1,PRJNA224116,SAMN12660232,,representative genome,1552759,1552759,Mycobacterium grossiae,strain=DSM 104744,,latest,Complete Genome,Major,Full,2019/09/08,ASM832964v1,Tongde Hospital of Zhejiang Province,GCA_008329645.1,identical,https://ftp.ncbi.nlm.nih.gov/genomes/all/GCF/008/329/645/GCF_008329645.1_ASM832964v1,,assembly from type material,na,Mycobacterium_grossiae
354,GCF_022370755.2,PRJNA224116,SAMN20254253,,representative genome,134601,134601,Mycolicibacterium goodii,strain=ATCC 700504,,latest,Complete Genome,Major,Full,2022/08/24,ASM2237075v2,Research Institute of Tuberculosis,GCA_022370755.2,identical,https://ftp.ncbi.nlm.nih.gov/genomes/all/GCF/022/370/755/GCF_022370755.2_ASM2237075v2,,assembly from type material,na,Mycolicibacterium_goodii
112,GCF_010731595.1,PRJNA224116,SAMD00153201,,representative genome,386911,386911,Mycobacterium seoulense,strain=JCM 16018,,latest,Complete Genome,Major,Full,2020/02/06,ASM1073159v1,"Department of Infection Metagenomics, Osaka University",GCA_010731595.1,identical,https://ftp.ncbi.nlm.nih.gov/genomes/all/GCF/010/731/595/GCF_010731595.1_ASM1073159v1,,assembly from type material,na,Mycobacterium_seoulense
375,GCF_010731815.2,PRJNA224116,SAMD00153213,,representative genome,1286181,1286181,Mycolicibacterium arabiense,strain=JCM 18538,,latest,Complete Genome,Major,Full,2020/02/06,ASM1073181v2,"Department of Infection Metagenomics, Osaka University",GCA_010731815.2,identical,https://ftp.ncbi.nlm.nih.gov/genomes/all/GCF/010/731/815/GCF_010731815.2_ASM1073181v2,,assembly from type material,na,Mycolicibacterium_arabiense
381,GCF_010727325.1,PRJNA224116,SAMD00153173,,representative genome,67081,67081,Mycolicibacterium alvei,strain=JCM 12272,,latest,Complete Genome,Major,Full,2020/02/06,ASM1072732v1,"Department of Infection Metagenomics, Osaka University",GCA_010727325.1,identical,https://ftp.ncbi.nlm.nih.gov/genomes/all/GCF/010/727/325/GCF_010727325.1_ASM1072732v1,,assembly from type material,na,Mycolicibacterium_alvei
383,GCF_010726245.1,PRJNA224116,SAMD00153166,,representative genome,1799,1799,Mycolicibacterium aichiense,strain=JCM 6376,,latest,Complete Genome,Major,Full,2020/02/06,ASM1072624v1,"Department of Infection Metagenomics, Osaka University",GCA_010726245.1,identical,https://ftp.ncbi.nlm.nih.gov/genomes/all/GCF/010/726/245/GCF_010726245.1_ASM1072624v1,,assembly from type material,na,Mycolicibacterium_aichiense
403,GCF_010728725.1,PRJNA224116,SAMD00153181,,representative genome,43348,43348,Mycobacterium branderi,strain=JCM 12687,,latest,Complete Genome,Major,Full,2020/02/06,ASM1072872v1,"Department of Infection Metagenomics, Osaka University",GCA_010728725.1,identical,https://ftp.ncbi.nlm.nih.gov/genomes/all/GCF/010/728/725/GCF_010728725.1_ASM1072872v1,,assembly from type material,na,Mycobacterium_branderi
417,GCF_010729485.1,PRJNA224116,SAMD00153186,,representative genome,29314,29314,Mycolicibacter hiberniae,strain=JCM 13571,,latest,Complete Genome,Major,Full,2020/02/06,ASM1072948v1,"Department of Infection Metagenomics, Osaka University",GCA_010729485.1,identical,https://ftp.ncbi.nlm.nih.gov/genomes/all/GCF/010/729/485/GCF_010729485.1_ASM1072948v1,,assembly from type material,na,Mycolicibacter_hiberniae
378,GCF_010731855.1,PRJNA224116,SAMD00153216,,representative genome,1431246,1431246,Mycolicibacterium anyangense,strain=JCM 30275,,latest,Complete Genome,Major,Full,2020/02/06,ASM1073185v1,"Department of Infection Metagenomics, Osaka University",GCA_010731855.1,identical,https://ftp.ncbi.nlm.nih.gov/genomes/all/GCF/010/731/855/GCF_010731855.1_ASM1073185v1,,assembly from type material,na,Mycolicibacterium_anyangense
109,GCF_002356335.1,PRJNA224116,SAMD00081530,,representative genome,1520670,1520670,[Mycobacterium] stephanolepidis,strain=NJB0901,,latest,Complete Genome,Major,Full,2017/06/17,ASM235633v1,National Institute of Infectious Diseases,GCA_002356335.1,identical,https://ftp.ncbi.nlm.nih.gov/genomes/all/GCF/002/356/335/GCF_002356335.1_ASM235633v1,,assembly from type material,na,[Mycobacterium]_stephanolepidis
99,GCF_010728525.1,PRJNA224116,SAMD00153180,,representative genome,133549,133549,Mycobacterium shottsii,strain=JCM 12657,,latest,Complete Genome,Major,Full,2020/02/06,ASM1072852v1,"Department of Infection Metagenomics, Osaka University",GCA_010728525.1,identical,https://ftp.ncbi.nlm.nih.gov/genomes/all/GCF/010/728/525/GCF_010728525.1_ASM1072852v1,,assembly from type material,na,Mycobacterium_shottsii
40,GCF_002219285.1,PRJNA224116,SAMN01174703,,na,222805,1767,Mycobacterium intracellulare subsp. chimaera,strain=DSM 44623,,latest,Complete Genome,Major,Full,2017/07/14,ASM221928v1,Leibniz Institute DSMZ,GCA_002219285.1,identical,https://ftp.ncbi.nlm.nih.gov/genomes/all/GCF/002/219/285/GCF_002219285.1_ASM221928v1,,assembly from type material,na,Mycobacterium_chimaera
102,GCF_010730055.1,PRJNA224116,SAMD00153190,,representative genome,398694,398694,Mycobacterium shinjukuense,strain=JCM 14233,,latest,Complete Genome,Major,Full,2020/02/06,ASM1073005v1,"Department of Infection Metagenomics, Osaka University",GCA_010730055.1,identical,https://ftp.ncbi.nlm.nih.gov/genomes/all/GCF/010/730/055/GCF_010730055.1_ASM1073005v1,,assembly from type material,na,Mycobacterium_shinjukuense
10,GCF_022179545.1,PRJNA224116,SAMD00436749,,na,144549,1766,Mycolicibacterium fortuitum subsp. fortuitum,strain=JCM 6387,,latest,Complete Genome,Major,Full,2022/01/27,ASM2217954v1,"Mycobacteriology, National Institute of Infectious Diseases",GCA_022179545.1,identical,https://ftp.ncbi.nlm.nih.gov/genomes/all/GCF/022/179/545/GCF_022179545.1_ASM2217954v1,,assembly from type material,na,Mycolicibacterium_fortuitum
29,GCF_003609715.1,PRJNA224116,SAMD00106553,,na,1091046,36809,Mycobacteroides abscessus subsp. bolletii BD,strain=BD,,latest,Complete Genome,Major,Full,2017/12/18,ASM360971v1,National Institute of Infectious Diseases,GCA_003609715.1,identical,https://ftp.ncbi.nlm.nih.gov/genomes/all/GCF/003/609/715/GCF_003609715.1_ASM360971v1,,assembly from type material,na,Mycobacteroides_bolletii
34,GCF_000418535.1,PRJNA224116,SAMN02603187,,na,1138871,1767,Mycobacterium intracellulare subsp. yongonense 05-1390,strain=05-1390,,latest,Complete Genome,Major,Full,2013/07/08,ASM41853v2,"Department of Microbiology and Immunology, Seoul National University",GCA_000418535.2,identical,https://ftp.ncbi.nlm.nih.gov/genomes/all/GCF/000/418/535/GCF_000418535.1_ASM41853v2,,assembly from type material,na,Mycobacterium_yongonense
17,GCF_003390495.1,PRJNA224116,SAMN09770287,,na,2480908,1774,[Mycobacterium] chelonae subsp. gwanakae,strain=MOTT36W,,latest,Complete Genome,Major,Full,2018/08/15,ASM339049v1,Seoul National University College of Medicine,GCA_003390495.1,identical,https://ftp.ncbi.nlm.nih.gov/genomes/all/GCF/003/390/495/GCF_003390495.1_ASM339049v1,,assembly from type material,na,[Mycobacterium]_gwanakae
13,GCF_001632805.1,PRJNA224116,SAMN02630629,,representative genome,1460372,1774,Mycobacteroides chelonae CCUG 47445,strain=CCUG 47445,,latest,Complete Genome,Major,Full,2016/04/27,ASM163280v1,University of Balearic Islands,GCA_001632805.1,identical,https://ftp.ncbi.nlm.nih.gov/genomes/all/GCF/001/632/805/GCF_001632805.1_ASM163280v1,,assembly from type material,na,Mycobacteroides_chelonae
98,GCF_010727605.1,PRJNA224116,SAMD00153175,,representative genome,1784,1784,Mycobacterium simiae,strain=JCM 12377,,latest,Complete Genome,Major,Full,2020/02/06,ASM1072760v1,"Department of Infection Metagenomics, Osaka University",GCA_010727605.1,identical,https://ftp.ncbi.nlm.nih.gov/genomes/all/GCF/010/727/605/GCF_010727605.1_ASM1072760v1,,assembly from type material,na,Mycobacterium_simiae
16,GCF_004355245.1,PRJNA224116,SAMN10532726,,na,2099321,1774,[Mycobacterium] chelonae subsp. chelonae,strain=DSM 43804,,latest,Complete Genome,Major,Full,2019/03/19,ASM435524v1,Uppsala University,GCA_004355245.1,identical,https://ftp.ncbi.nlm.nih.gov/genomes/all/GCF/004/355/245/GCF_004355245.1_ASM435524v1,,assembly from type material,na,[Mycobacterium]_chelonae
19,GCF_000497265.2,PRJNA224116,SAMD00036666,,na,1001714,36809,Mycobacteroides abscessus subsp. massiliense CCUG 48898 = JCM 15300,strain=JCM 15300,,latest,Complete Genome,Major,Full,2014/12/09,ASM49726v2,"Laboratory of Bacterial Genomics, Pathogen Genomic Center, National Institute of Infectious Diseases",GCA_000497265.2,identical,https://ftp.ncbi.nlm.nih.gov/genomes/all/GCF/000/497/265/GCF_000497265.2_ASM49726v2,,assembly from type material,na,Mycobacteroides_massiliense
72,GCF_010731755.1,PRJNA224116,SAMD00153210,,representative genome,1118379,1118379,Mycolicibacter minnesotensis,strain=JCM 17932,,latest,Complete Genome,Major,Full,2020/02/06,ASM1073175v1,"Department of Infection Metagenomics, Osaka University",GCA_010731755.1,identical,https://ftp.ncbi.nlm.nih.gov/genomes/all/GCF/010/731/755/GCF_010731755.1_ASM1073175v1,,assembly from type material,na,Mycolicibacter_minnesotensis
65,GCF_022370835.2,PRJNA224116,SAMN20254257,,representative genome,1069221,1069221,Mycolicibacillus parakoreensis,strain=DSM 45575,,latest,Complete Genome,Major,Full,2022/08/24,ASM2237083v2,Research Institute of Tuberculosis,GCA_022370835.2,identical,https://ftp.ncbi.nlm.nih.gov/genomes/all/GCF/022/370/835/GCF_022370835.2_ASM2237083v2,,assembly from type material,na,Mycolicibacillus_parakoreensis
3,GCF_009741445.1,PRJNA224116,SAMN13352280,,na,44454,1764,Mycobacterium avium subsp. avium,strain=DSM 44156,,latest,Complete Genome,Major,Full,2019/12/11,ASM974144v1,Leibniz Institute DSMZ,GCA_009741445.1,identical,https://ftp.ncbi.nlm.nih.gov/genomes/all/GCF/009/741/445/GCF_009741445.1_ASM974144v1,,assembly from type material,na,Mycobacterium_avium
32,GCF_000277125.1,PRJNA224116,SAMN02603186,,na,487521,1767,Mycobacterium intracellulare ATCC 13950,strain=ATCC 13950,,latest,Complete Genome,Major,Full,2012/02/29,ASM27712v1,"Department of Microbiology and Immunology, Seoul National University",GCA_000277125.1,identical,https://ftp.ncbi.nlm.nih.gov/genomes/all/GCF/000/277/125/GCF_000277125.1_ASM27712v1,,assembly from type material,na,Mycobacterium_intracellulare
105,GCF_002356315.1,PRJNA224116,SAMD00081394,,representative genome,722731,722731,Mycobacterium shigaense,strain=JCM 32072,,latest,Complete Genome,Major,Full,2017/06/15,ASM235631v1,National Institute of Infectious Diseases,GCA_002356315.1,identical,https://ftp.ncbi.nlm.nih.gov/genomes/all/GCF/002/356/315/GCF_002356315.1_ASM235631v1,,assembly from type material,na,Mycobacterium_shigaense
214,GCF_900108565.1,PRJNA224116,SAMN04489835,,representative genome,370526,370526,Mycolicibacterium rutilum,strain=DSM 45405,,latest,Chromosome,Major,Full,2016/10/27,IMG-taxon 2636415969 annotated assembly,DOE - JOINT GENOME INSTITUTE,GCA_900108565.1,identical,https://ftp.ncbi.nlm.nih.gov/genomes/all/GCF/900/108/565/GCF_900108565.1_IMG-taxon_2636415969_annotated_assembly,,assembly from type material,na,Mycolicibacterium_rutilum
114,GCF_019668465.1,PRJNA224116,SAMD00250051,,representative genome,2775496,2775496,Mycobacterium senriense,strain=TY59,,latest,Chromosome,Major,Full,2021/07/10,ASM1966846v1,Department of Infection Metagenomics,GCA_019668465.1,identical,https://ftp.ncbi.nlm.nih.gov/genomes/all/GCF/019/668/465/GCF_019668465.1_ASM1966846v1,,assembly from type material,na,Mycobacterium_senriense
12,GCF_000971805.1,PRJNA224116,SAMN02837161,,na,1774,1774,Mycobacteroides chelonae,strain=ATCC 35752,,latest,Chromosome,Major,Full,2015/04/14,ASM97180v1,National Jewish Health,GCA_000971805.1,identical,https://ftp.ncbi.nlm.nih.gov/genomes/all/GCF/000/971/805/GCF_000971805.1_ASM97180v1,,assembly from type material,na,Mycobacteroides_chelonae
169,GCF_003855255.1,PRJNA224116,SAMN10393184,,representative genome,2487344,2487344,Mycolicibacterium nivoides,strain=DL90,,latest,Chromosome,Major,Full,2018/12/02,ASM385525v1,University of Minnesota,GCA_003855255.1,identical,https://ftp.ncbi.nlm.nih.gov/genomes/all/GCF/003/855/255/GCF_003855255.1_ASM385525v1,,assembly from type material,na,Mycolicibacterium_nivoides
372,GCF_002086545.1,PRJNA224116,SAMN06064231,MVHI00000000.1,representative genome,1265310,1790,Mycobacterium asiaticum DSM 44297,strain=DSM 44297,,latest,Contig,Major,Full,2017/04/11,ASM208654v1,San Raffaele Scientific Institute,GCA_002086545.1,identical,https://ftp.ncbi.nlm.nih.gov/genomes/all/GCF/002/086/545/GCF_002086545.1_ASM208654v1,,assembly from type material,na,Mycobacterium_asiaticum
42,GCF_002086285.1,PRJNA224116,SAMN06064243,MVHU00000000.1,representative genome,354243,354243,Mycolicibacter kumamotonensis,strain=DSM 45093,,latest,Contig,Major,Full,2017/04/11,ASM208628v1,San Raffaele Scientific Institute,GCA_002086285.1,identical,https://ftp.ncbi.nlm.nih.gov/genomes/all/GCF/002/086/285/GCF_002086285.1_ASM208628v1,,assembly from type material,na,Mycolicibacter_kumamotonensis
373,GCF_002086125.1,PRJNA224116,SAMN06064229,MVHG00000000.1,representative genome,1265311,425468,Mycobacterium arosiense ATCC BAA-1401 = DSM 45069,strain=DSM 45069,,latest,Contig,Major,Full,2017/04/11,ASM208612v1,San Raffaele Scientific Institute,GCA_002086125.1,identical,https://ftp.ncbi.nlm.nih.gov/genomes/all/GCF/002/086/125/GCF_002086125.1_ASM208612v1,,assembly from type material,na,Mycobacterium_arosiense
374,GCF_000559085.1,PRJNA224116,SAMN02585141,JALN00000000.2,representative genome,1440774,318425,Mycolicibacterium aromaticivorans JS19b1 = JCM 16368,strain=JS19b1,,latest,Contig,Major,Full,2014/05/19,ASM55908v2,Kyungpook National University,GCA_000559085.2,identical,https://ftp.ncbi.nlm.nih.gov/genomes/all/GCF/000/559/085/GCF_000559085.1_ASM55908v2,,assembly from type material,na,Mycolicibacterium_aromaticivorans
110,GCF_000805385.1,PRJNA224116,SAMN01174788,JTJW00000000.1,na,431269,431269,Mycolicibacterium setense,strain=DSM 45070,,latest,Contig,Major,Full,2014/12/19,ASM80538v1,IMPPC (Institute of Predictive and Personalized Medicine of Cancer ),GCA_000805385.1,identical,https://ftp.ncbi.nlm.nih.gov/genomes/all/GCF/000/805/385/GCF_000805385.1_ASM80538v1,,assembly from type material,na,Mycolicibacterium_setense
379,GCF_002086155.1,PRJNA224116,SAMN06064227,MVHE00000000.1,representative genome,470074,470074,Mycobacterium angelicum,strain=DSM 45057,,latest,Contig,Major,Full,2017/04/11,ASM208615v1,San Raffaele Scientific Institute,GCA_002086155.1,identical,https://ftp.ncbi.nlm.nih.gov/genomes/all/GCF/002/086/155/GCF_002086155.1_ASM208615v1,,assembly from type material,na,Mycobacterium_angelicum
398,GCF_004014795.1,PRJNA224116,SAMN10734566,ATDQ00000000.1,na,1335619,85968,Mycolicibacterium brumae DSM 44177,strain=DSM 44177,,latest,Contig,Major,Full,2019/01/14,Mbrumae.v1,Uppsala University,GCA_004014795.1,identical,https://ftp.ncbi.nlm.nih.gov/genomes/all/GCF/004/014/795/GCF_004014795.1_Mbrumae.v1,,assembly from type material,na,Mycolicibacterium_brumae
396,GCF_002101555.1,PRJNA224116,SAMN04216915,LQOL00000000.1,representative genome,228230,228230,Mycolicibacterium canariasense,strain=CCUG 47953,,latest,Contig,Major,Full,2017/04/20,ASM210155v1,University of Trento,GCA_002101555.1,identical,https://ftp.ncbi.nlm.nih.gov/genomes/all/GCF/002/101/555/GCF_002101555.1_ASM210155v1,,assembly from type material,na,Mycolicibacterium_canariasense
395,GCF_002101595.1,PRJNA224116,SAMN04216916,LQOM00000000.1,na,28045,28045,Mycobacterium celatum,strain=DSM 44243,,latest,Contig,Major,Full,2017/04/20,ASM210159v1,University of Trento,GCA_002101595.1,identical,https://ftp.ncbi.nlm.nih.gov/genomes/all/GCF/002/101/595/GCF_002101595.1_ASM210159v1,,assembly from type material,na,Mycobacterium_celatum
37,GCF_001792625.1,PRJNA224116,SAMN03068290,JRMG00000000.1,na,1962118,36809,Mycobacteroides abscessus subsp. massiliense,strain=CIP 108297,,latest,Contig,Major,Full,2016/10/19,ASM179262v1,Institut Pasteur,GCA_001792625.1,identical,https://ftp.ncbi.nlm.nih.gov/genomes/all/GCF/001/792/625/GCF_001792625.1_ASM179262v1,,assembly from type material,na,Mycobacteroides_massiliense
386,GCF_900566085.1,PRJNA224116,SAMEA4938330,UPHT00000000.1,na,2341086,2341086,Mycobacterium attenuatum,strain=MK41,MK41,latest,Contig,Major,Full,2018/11/01,LAUMK41,CHUV-UNIL,GCA_900566085.1,identical,https://ftp.ncbi.nlm.nih.gov/genomes/all/GCF/900/566/085/GCF_900566085.1_LAUMK41,,assembly from type material,na,Mycobacterium_attenuatum
385,GCF_010722915.1,PRJNA224116,SAMD00153167,BLKS00000000.1,representative genome,36811,36811,Mycolicibacterium agri,strain=JCM 6377,,latest,Contig,Major,Full,2020/02/06,ASM1072291v1,"Department of Infection Metagenomics, Osaka University",GCA_010722915.1,identical,https://ftp.ncbi.nlm.nih.gov/genomes/all/GCF/010/722/915/GCF_010722915.1_ASM1072291v1,,assembly from type material,na,Mycolicibacterium_agri
366,GCF_011758805.1,PRJNA224116,SAMN12024888,JAANOW000000000.1,na,258505,258505,Mycolicibacterium fluoranthenivorans,strain=DSM 44556,,latest,Contig,Major,Full,2020/03/26,ASM1175880v1,DOE Joint Genome Institute,GCA_011758805.1,identical,https://ftp.ncbi.nlm.nih.gov/genomes/all/GCF/011/758/805/GCF_011758805.1_ASM1175880v1,,assembly from type material,na,Mycolicibacterium_fluoranthenivorans
382,GCF_002086635.1,PRJNA224116,SAMN06064226,MVHD00000000.1,representative genome,324058,324058,Mycobacterium alsense,strain=DSM 45230,,latest,Contig,Major,Full,2017/04/11,ASM208663v1,San Raffaele Scientific Institute,GCA_002086635.1,identical,https://ftp.ncbi.nlm.nih.gov/genomes/all/GCF/002/086/635/GCF_002086635.1_ASM208663v1,,assembly from type material,na,Mycobacterium_alsense
377,GCF_002086485.1,PRJNA224116,SAMN06064228,MVHF00000000.1,representative genome,1927124,1927124,Mycobacterium aquaticum,strain=RW6,,latest,Contig,Major,Full,2017/04/11,ASM208648v1,San Raffaele Scientific Institute,GCA_002086485.1,identical,https://ftp.ncbi.nlm.nih.gov/genomes/all/GCF/002/086/485/GCF_002086485.1_ASM208648v1,,assembly from type material,na,Mycobacterium_aquaticum
364,GCF_002102185.1,PRJNA224116,SAMN04216927,LQOW00000000.1,representative genome,1260918,1260918,Mycobacterium fragae,strain=DSM 45731,,latest,Contig,Major,Full,2017/04/20,ASM210218v1,University of Trento,GCA_002102185.1,identical,https://ftp.ncbi.nlm.nih.gov/genomes/all/GCF/002/102/185/GCF_002102185.1_ASM210218v1,,assembly from type material,na,Mycobacterium_fragae
47,GCF_002013555.1,PRJNA224116,SAMN05186796,MAFP00000000.1,na,83262,83262,Mycobacteroides immunogenum,strain=MC 779,,latest,Contig,Major,Full,2017/03/03,ASM201355v1,LNCC,GCA_002013555.1,identical,https://ftp.ncbi.nlm.nih.gov/genomes/all/GCF/002/013/555/GCF_002013555.1_ASM201355v1,,assembly from type material,na,Mycobacteroides_immunogenum
361,GCF_002013895.1,PRJNA224116,SAMN05186797,MAFQ00000000.1,na,948102,948102,Mycobacteroides franklinii,strain=CV002,,latest,Contig,Major,Full,2017/03/03,ASM201389v1,LNCC,GCA_002013895.1,identical,https://ftp.ncbi.nlm.nih.gov/genomes/all/GCF/002/013/895/GCF_002013895.1_ASM201389v1,,assembly from type material,na,Mycobacteroides_franklinii
315,GCF_000613185.1,PRJNA224116,SAMEA3138996,CCBB000000000.1,representative genome,258533,258533,Mycolicibacterium cosmeticum,strain=DSM 44829,,latest,Contig,Major,Full,2014/03/20,PRJEB5748_assembly_1,URMITE,GCA_000613185.1,identical,https://ftp.ncbi.nlm.nih.gov/genomes/all/GCF/000/613/185/GCF_000613185.1_PRJEB5748_assembly_1,,assembly from type material,na,Mycolicibacterium_cosmeticum
312,GCF_002104675.1,PRJNA224116,SAMN06651657,NCXP00000000.1,representative genome,1430326,1430326,Mycobacterium decipiens,strain=TBL 1200985,,latest,Contig,Major,Full,2017/04/21,ASM210467v1,San Raffaele Scientific Institute,GCA_002104675.1,identical,https://ftp.ncbi.nlm.nih.gov/genomes/all/GCF/002/104/675/GCF_002104675.1_ASM210467v1,,assembly from type material,na,Mycobacterium_decipiens
303,GCF_004014805.1,PRJNA224116,SAMN10734567,ATDN00000000.1,na,1335622,81858,Mycolicibacterium elephantis DSM 44368,strain=DSM 44368,,latest,Contig,Major,Full,2019/01/14,ASM401480v1,Uppsala University,GCA_004014805.1,identical,https://ftp.ncbi.nlm.nih.gov/genomes/all/GCF/004/014/805/GCF_004014805.1_ASM401480v1,,assembly from type material,na,Mycolicibacterium_elephantis
302,GCF_001667535.1,PRJNA224116,SAMN04696136,LZHS00000000.1,representative genome,81858,81858,Mycolicibacterium elephantis,strain=852002-10318_SCH4845932,,latest,Contig,Major,Full,2016/06/17,ASM166753v1,JCVI,GCA_001667535.1,identical,https://ftp.ncbi.nlm.nih.gov/genomes/all/GCF/001/667/535/GCF_001667535.1_ASM166753v1,,,na,Mycolicibacterium_elephantis
301,GCF_002101585.1,PRJNA224116,SAMN04216923,LQOT00000000.1,representative genome,188915,188915,Mycolicibacter engbaekii,strain=ATCC 27353,,latest,Contig,Major,Full,2017/04/20,ASM210158v1,University of Trento,GCA_002101585.1,identical,https://ftp.ncbi.nlm.nih.gov/genomes/all/GCF/002/101/585/GCF_002101585.1_ASM210158v1,,assembly from type material,na,Mycolicibacter_engbaekii
300,GCF_002102155.1,PRJNA224116,SAMN04216924,LQOU00000000.1,na,761804,761804,Mycobacterium europaeum,strain=DSM 45397,,latest,Contig,Major,Full,2017/04/20,ASM210215v1,University of Trento,GCA_002102155.1,identical,https://ftp.ncbi.nlm.nih.gov/genomes/all/GCF/002/102/155/GCF_002102155.1_ASM210215v1,,assembly from type material,na,Mycobacterium_europaeum
325,GCF_002102065.1,PRJNA224116,SAMN04216919,LQOP00000000.1,representative genome,451644,451644,Mycolicibacterium conceptionense,strain=CCUG 50187,,latest,Contig,Major,Full,2017/04/20,ASM210206v1,University of Trento,GCA_002102065.1,identical,https://ftp.ncbi.nlm.nih.gov/genomes/all/GCF/002/102/065/GCF_002102065.1_ASM210206v1,,assembly from type material,na,Mycolicibacterium_conceptionense
357,GCF_002102175.1,PRJNA224116,SAMN04216928,LQOX00000000.1,representative genome,1777,1777,Mycobacterium gastri,strain=DSM 43505,,latest,Contig,Major,Full,2017/04/20,ASM210217v1,University of Trento,GCA_002102175.1,identical,https://ftp.ncbi.nlm.nih.gov/genomes/all/GCF/002/102/175/GCF_002102175.1_ASM210217v1,,assembly from type material,na,Mycobacterium_gastri
356,GCF_000526915.1,PRJNA224116,SAMN02585006,JAGZ00000000.1,representative genome,1408452,36812,Mycobacterium genavense ATCC 51234,strain=ATCC 51234,,latest,Contig,Major,Full,2014/01/14,ASM52691v1,DOE Joint Genome Institute,GCA_000526915.1,identical,https://ftp.ncbi.nlm.nih.gov/genomes/all/GCF/000/526/915/GCF_000526915.1_ASM52691v1,,assembly from type material,na,Mycobacterium_genavense
44,GCF_002086715.1,PRJNA224116,SAMN06064258,MVII00000000.1,na,1578165,1578165,Mycobacteroides saopaulense,strain=CCUG 66554,,latest,Contig,Major,Full,2017/04/11,ASM208671v1,San Raffaele Scientific Institute,GCA_002086715.1,identical,https://ftp.ncbi.nlm.nih.gov/genomes/all/GCF/002/086/715/GCF_002086715.1_ASM208671v1,,assembly from type material,na,Mycobacteroides_saopaulense
352,GCF_002101675.1,PRJNA224116,SAMN04216929,LQOY00000000.1,representative genome,1778,1778,Mycobacterium gordonae,strain=DSM 44160,,latest,Contig,Major,Full,2017/04/20,ASM210167v1,University of Trento,GCA_002101675.1,identical,https://ftp.ncbi.nlm.nih.gov/genomes/all/GCF/002/101/675/GCF_002101675.1_ASM210167v1,,assembly from type material,na,Mycobacterium_gordonae
348,GCF_027886095.1,PRJNA224116,SAMN32724494,ANBN00000000.1,na,1122247,46351,Mycolicibacterium hassiacum DSM 44199,strain=DSM 44199,,latest,Contig,Major,Full,2023/01/17,ASM2788609v1,Uppasala Univeristy & Jawaharlal Nehru University,GCA_027886095.1,identical,https://ftp.ncbi.nlm.nih.gov/genomes/all/GCF/027/886/095/GCF_027886095.1_ASM2788609v1,,assembly from type material,na,Mycolicibacterium_hassiacum
340,GCF_007714205.1,PRJNA224116,SAMN12187686,VMQU00000000.1,na,2592811,2592811,Mycobacterium helveticum,strain=16-83,,latest,Contig,Major,Full,2019/07/30,ASM771420v1,IRCCS San Raffaele,GCA_007714205.1,identical,https://ftp.ncbi.nlm.nih.gov/genomes/all/GCF/007/714/205/GCF_007714205.1_ASM771420v1,,assembly from type material,na,Mycobacterium_helveticum
332,GCF_001552315.1,PRJNA224116,SAMD00046518,BCQY00000000.1,representative genome,1303685,37916,Mycolicibacterium chlorophenolicum JCM 7439 = NBRC 15527,strain=NBRC 15527,,latest,Contig,Major,Full,2016/02/03,ASM155231v1,National Institute of Technology and Evaluation,GCA_001552315.1,identical,https://ftp.ncbi.nlm.nih.gov/genomes/all/GCF/001/552/315/GCF_001552315.1_ASM155231v1,,assembly from type material,na,Mycolicibacterium_chlorophenolicum
330,GCF_002086595.1,PRJNA224116,SAMN06064237,MVHO00000000.1,na,1800,1800,Mycolicibacterium chubuense,strain=DSM 44219,,latest,Contig,Major,Full,2017/04/11,ASM208659v1,San Raffaele Scientific Institute,GCA_002086595.1,identical,https://ftp.ncbi.nlm.nih.gov/genomes/all/GCF/002/086/595/GCF_002086595.1_ASM208659v1,,assembly from type material,na,Mycolicibacterium_chubuense
422,GCF_025822865.1,PRJNA224116,SAMN15568937,JACKUR000000000.1,representative genome,53378,53378,Mycobacterium paraffinicum,strain=DSM 44181,,latest,Contig,Major,Full,2022/10/24,ASM2582286v1,Uppsala University,GCA_025822865.1,identical,https://ftp.ncbi.nlm.nih.gov/genomes/all/GCF/025/822/865/GCF_025822865.1_ASM2582286v1,,assembly from type material,na,Mycobacterium_paraffinicum
406,GCF_002086165.1,PRJNA224116,SAMN06064234,MVHL00000000.1,representative genome,701041,701041,Mycobacterium bouchedurhonense,strain=DSM 45439,,latest,Contig,Major,Full,2017/04/11,ASM208616v1,San Raffaele Scientific Institute,GCA_002086165.1,identical,https://ftp.ncbi.nlm.nih.gov/genomes/all/GCF/002/086/165/GCF_002086165.1_ASM208616v1,,assembly from type material,na,Mycobacterium_bouchedurhonense
502,GCF_900566055.1,PRJNA224116,SAMEA4938327,UPHQ00000000.1,representative genome,2341083,2341083,Mycobacterium innocens,strain=MK13,MK13,latest,Contig,Major,Full,2018/11/01,LAUMK13,CHUV-UNIL,GCA_900566055.1,identical,https://ftp.ncbi.nlm.nih.gov/genomes/all/GCF/900/566/055/GCF_900566055.1_LAUMK13,,assembly from type material,na,Mycobacterium_innocens
498,GCF_025821415.1,PRJNA224116,SAMN15569009,JACKRX000000000.1,na,33895,33895,Mycobacterium interjectum,strain=DSM 44064,,latest,Contig,Major,Full,2022/10/24,ASM2582141v1,Uppsala University,GCA_025821415.1,identical,https://ftp.ncbi.nlm.nih.gov/genomes/all/GCF/025/821/415/GCF_025821415.1_ASM2582141v1,,assembly from type material,na,Mycobacterium_interjectum
496,GCF_002086275.1,PRJNA224116,SAMN06064242,MVHT00000000.1,na,28445,28445,Mycobacterium intermedium,strain=DSM 44049,,latest,Contig,Major,Full,2017/04/11,ASM208627v1,San Raffaele Scientific Institute,GCA_002086275.1,identical,https://ftp.ncbi.nlm.nih.gov/genomes/all/GCF/002/086/275/GCF_002086275.1_ASM208627v1,,assembly from type material,na,Mycobacterium_intermedium
495,GCF_002101705.1,PRJNA224116,SAMN04216933,LQPC00000000.1,representative genome,912594,912594,Mycolicibacterium iranicum,strain=DSM 45541,,latest,Contig,Major,Full,2017/04/20,ASM210170v1,University of Trento,GCA_002101705.1,identical,https://ftp.ncbi.nlm.nih.gov/genomes/all/GCF/002/101/705/GCF_002101705.1_ASM210170v1,,assembly from type material,na,Mycolicibacterium_iranicum
513,GCF_002101735.1,PRJNA224116,SAMN04216935,LQPE00000000.1,na,487514,487514,Mycobacterium kyorinense,strain=DSM 45166,,latest,Contig,Major,Full,2017/04/20,ASM210173v1,University of Trento,GCA_002101735.1,identical,https://ftp.ncbi.nlm.nih.gov/genomes/all/GCF/002/101/735/GCF_002101735.1_ASM210173v1,,assembly from type material,na,Mycobacterium_kyorinense
2,GCF_000174035.1,PRJNA224116,SAMN02470543,ACFI00000000.1,na,553481,1764,Mycobacterium avium subsp. avium ATCC 25291,strain=ATCC 25291,,latest,Contig,Major,Full,2009/01/27,ASM17403v1,McGill University,GCA_000174035.1,identical,https://ftp.ncbi.nlm.nih.gov/genomes/all/GCF/000/174/035/GCF_000174035.1_ASM17403v1,,assembly from type material,na,Mycobacterium_avium
532,GCF_017876775.1,PRJNA224116,SAMN17673454,JAGIOP000000000.1,representative genome,1641992,1641992,Mycolicibacterium lutetiense,strain=DSM 46713,,latest,Contig,Major,Full,2021/04/08,ASM1787677v1,DOE Joint Genome Institute,GCA_017876775.1,identical,https://ftp.ncbi.nlm.nih.gov/genomes/all/GCF/017/876/775/GCF_017876775.1_ASM1787677v1,,assembly from type material,na,Mycolicibacterium_lutetiense
5,GCF_001792615.1,PRJNA224116,SAMN03068289,JRMF00000000.1,na,319705,36809,Mycobacteroides abscessus subsp. bolletii,strain=CIP 108541,,latest,Contig,Major,Full,2016/10/19,ASM179261v1,Institut Pasteur,GCA_001792615.1,identical,https://ftp.ncbi.nlm.nih.gov/genomes/all/GCF/001/792/615/GCF_001792615.1_ASM179261v1,,assembly from type material,na,Mycobacteroides_bolletii
525,GCF_002086335.1,PRJNA224116,SAMN06064245,MVHW00000000.1,na,560555,560555,Mycobacterium mantenii,strain=DSM 45255,,latest,Contig,Major,Full,2017/04/11,ASM208633v1,San Raffaele Scientific Institute,GCA_002086335.1,identical,https://ftp.ncbi.nlm.nih.gov/genomes/all/GCF/002/086/335/GCF_002086335.1_ASM208633v1,,assembly from type material,na,Mycobacterium_mantenii
523,GCF_025823125.1,PRJNA224116,SAMN15568923,JACKVF000000000.1,na,701042,701042,Mycobacterium marseillense,strain=DSM 45437,,latest,Contig,Major,Full,2022/10/24,ASM2582312v1,Uppsala University,GCA_025823125.1,identical,https://ftp.ncbi.nlm.nih.gov/genomes/all/GCF/025/823/125/GCF_025823125.1_ASM2582312v1,,assembly from type material,na,Mycobacterium_marseillense
517,GCF_002245535.1,PRJNA224116,SAMN07269029,NKCN00000000.1,na,2048550,2048550,Mycobacterium lehmannii,strain=CECT 8763,,latest,Contig,Major,Full,2017/08/10,ASM224553v1,Northumbria University,GCA_002245535.1,identical,https://ftp.ncbi.nlm.nih.gov/genomes/all/GCF/002/245/535/GCF_002245535.1_ASM224553v1,,assembly from type material,na,Mycobacterium_lehmannii
512,GCF_003254575.1,PRJNA224116,SAMN09281965,QJUA00000000.1,representative genome,2212479,2212479,Mycobacterium kyogaense,strain=NCTC 11659,,latest,Contig,Major,Full,2018/06/18,ASM325457v1,Newcastle University,GCA_003254575.1,identical,https://ftp.ncbi.nlm.nih.gov/genomes/all/GCF/003/254/575/GCF_003254575.1_ASM325457v1,,assembly from type material,na,Mycobacterium_kyogaense
474,GCF_002102345.1,PRJNA224116,SAMN04216946,LQPP00000000.1,na,43304,43304,Mycolicibacterium peregrinum,strain=DSM 43271,,latest,Contig,Major,Full,2017/04/20,ASM210234v1,University of Trento,GCA_002102345.1,identical,https://ftp.ncbi.nlm.nih.gov/genomes/all/GCF/002/102/345/GCF_002102345.1_ASM210234v1,,assembly from type material,na,Mycolicibacterium_peregrinum
472,GCF_009192875.1,PRJNA224116,SAMN04481318,ANBP00000000.1,na,1226750,1771,Mycolicibacterium phlei DSM 43239 = CCUG 21000,strain=CCUG 21000,,latest,Contig,Major,Full,2019/10/21,ASM919287v1,Uppasala Univeristy & Jawaharlal Nehru University,GCA_009192875.1,identical,https://ftp.ncbi.nlm.nih.gov/genomes/all/GCF/009/192/875/GCF_009192875.1_ASM919287v1,,assembly from type material,na,Mycolicibacterium_phlei
434,GCF_001245615.1,PRJNA224116,SAMEA3481574,CWKH00000000.1,representative genome,146018,146018,Mycolicibacterium neworleansense,strain=ATCC 49404T,,latest,Contig,Major,Full,2015/07/26,Mycobacterium neworleansense assembly 1,URMITE,GCA_001245615.1,identical,https://ftp.ncbi.nlm.nih.gov/genomes/all/GCF/001/245/615/GCF_001245615.1_Mycobacterium_neworleansense_assembly_1,,assembly from type material,na,Mycolicibacterium_neworleansense
429,GCF_001044245.1,PRJNA224116,SAMN02952053,JYNU00000000.1,na,1807,1807,Mycolicibacterium obuense,strain=DSM 44075,,latest,Contig,Major,Full,2015/07/01,ASM104424v1,Uppsala University,GCA_001044245.1,identical,https://ftp.ncbi.nlm.nih.gov/genomes/all/GCF/001/044/245/GCF_001044245.1_ASM104424v1,,assembly from type material,na,Mycolicibacterium_obuense
425,GCF_002101785.1,PRJNA224116,SAMN04216940,LQPJ00000000.1,representative genome,153971,153971,Mycobacterium palustre,strain=DSM 44572,,latest,Contig,Major,Full,2017/04/20,ASM210178v1,University of Trento,GCA_002101785.1,identical,https://ftp.ncbi.nlm.nih.gov/genomes/all/GCF/002/101/785/GCF_002101785.1_ASM210178v1,,assembly from type material,na,Mycobacterium_palustre
424,GCF_025823385.1,PRJNA224116,SAMN15568912,JACKVQ000000000.1,na,767916,767916,Mycobacterium paraense,strain=DSM 46749,,latest,Contig,Major,Full,2022/10/24,ASM2582338v1,Uppsala University,GCA_025823385.1,identical,https://ftp.ncbi.nlm.nih.gov/genomes/all/GCF/025/823/385/GCF_025823385.1_ASM2582338v1,,assembly from type material,na,Mycobacterium_paraense
419,GCF_025821585.1,PRJNA224116,SAMN15569002,JACKSE000000000.1,na,659824,659824,Mycolicibacterium hippocampi,strain=DSM 45391,,latest,Contig,Major,Full,2022/10/24,ASM2582158v1,Uppsala University,GCA_025821585.1,identical,https://ftp.ncbi.nlm.nih.gov/genomes/all/GCF/025/821/585/GCF_025821585.1_ASM2582158v1,,assembly from type material,na,Mycolicibacterium_hippocampi
413,GCF_002086115.1,PRJNA224116,SAMN06064232,MVHJ00000000.1,representative genome,564198,564198,Mycolicibacterium bacteremicum,strain=DSM 45578,,latest,Contig,Major,Full,2017/04/11,ASM208611v1,San Raffaele Scientific Institute,GCA_002086115.1,identical,https://ftp.ncbi.nlm.nih.gov/genomes/all/GCF/002/086/115/GCF_002086115.1_ASM208611v1,,assembly from type material,na,Mycolicibacterium_bacteremicum
409,GCF_002102025.1,PRJNA224116,SAMN04216914,LQOK00000000.1,representative genome,56425,56425,Mycobacterium bohemicum,strain=DSM 44277,,latest,Contig,Major,Full,2017/04/20,ASM210202v1,University of Trento,GCA_002102025.1,identical,https://ftp.ncbi.nlm.nih.gov/genomes/all/GCF/002/102/025/GCF_002102025.1_ASM210202v1,,assembly from type material,na,Mycobacterium_bohemicum
437,GCF_000691525.1,PRJNA224116,SAMN02729281,JMDW00000000.1,na,1265312,1795,Mycolicibacterium neoaurum ATCC 25795,strain=ATCC 25795,,latest,Contig,Major,Full,2014/05/15,ATCC25795_good_1 (paired) assembly,East China University of Science and Technology,GCA_000691525.1,identical,https://ftp.ncbi.nlm.nih.gov/genomes/all/GCF/000/691/525/GCF_000691525.1_ATCC25795_good_1_paired_assembly,,assembly from type material,na,Mycolicibacterium_neoaurum
473,GCF_002086675.1,PRJNA224116,SAMN06064255,MVIF00000000.1,na,1487726,1487726,Mycobacterium persicum,strain=AFPC-000227,,latest,Contig,Major,Full,2017/04/11,ASM208667v1,San Raffaele Scientific Institute,GCA_002086675.1,identical,https://ftp.ncbi.nlm.nih.gov/genomes/all/GCF/002/086/675/GCF_002086675.1_ASM208667v1,,assembly from type material,na,Mycobacterium_persicum
440,GCF_002591975.1,PRJNA224116,SAMN07606483,NVQE00000000.1,representative genome,242737,242737,Mycobacterium neglectum,strain=CECT 8778,,latest,Contig,Major,Full,2017/10/19,ASM259197v1,Northumbria University,GCA_002591975.1,identical,https://ftp.ncbi.nlm.nih.gov/genomes/all/GCF/002/591/975/GCF_002591975.1_ASM259197v1,,assembly from type material,na,Mycobacterium_neglectum
443,GCF_010722995.1,PRJNA224116,SAMD00153185,BLKT00000000.1,representative genome,182220,182220,Mycolicibacterium murale,strain=JCM 13392,,latest,Contig,Major,Full,2020/02/06,ASM1072299v1,"Department of Infection Metagenomics, Osaka University",GCA_010722995.1,identical,https://ftp.ncbi.nlm.nih.gov/genomes/all/GCF/010/722/995/GCF_010722995.1_ASM1072299v1,,assembly from type material,na,Mycolicibacterium_murale
467,GCF_025823105.1,PRJNA224116,SAMN15568926,JACKVC000000000.1,representative genome,39693,39693,Mycolicibacterium porcinum,strain=DSM 44242,,latest,Contig,Major,Full,2022/10/24,ASM2582310v1,Uppsala University,GCA_025823105.1,identical,https://ftp.ncbi.nlm.nih.gov/genomes/all/GCF/025/823/105/GCF_025823105.1_ASM2582310v1,,assembly from type material,na,Mycolicibacterium_porcinum
464,GCF_019710635.1,PRJNA224116,SAMN17081024,JAIFZS000000000.1,representative genome,2796469,2796469,Mycolicibacterium xanthum,strain=Y57,,latest,Contig,Major,Full,2021/08/21,ASM1971063v1,Guangxi Academy of Science,GCA_019710635.1,identical,https://ftp.ncbi.nlm.nih.gov/genomes/all/GCF/019/710/635/GCF_019710635.1_ASM1971063v1,,assembly from type material,na,Mycolicibacterium_xanthum
463,GCF_900566075.1,PRJNA224116,SAMEA4938324,UPHU00000000.1,representative genome,2341080,2341080,Mycobacterium pseudokansasii,strain=MK142,,latest,Contig,Major,Full,2018/11/01,MK142,CHUV-UNIL,GCA_900566075.1,identical,https://ftp.ncbi.nlm.nih.gov/genomes/all/GCF/900/566/075/GCF_900566075.1_MK142,,assembly from type material,na,Mycobacterium_pseudokansasii
462,GCF_025821505.1,PRJNA224116,SAMN15569005,JACKSB000000000.1,na,265949,265949,Mycobacterium pseudoshottsii,strain=DSM 45108,,latest,Contig,Major,Full,2022/10/24,ASM2582150v1,Uppsala University,GCA_025821505.1,identical,https://ftp.ncbi.nlm.nih.gov/genomes/all/GCF/025/821/505/GCF_025821505.1_ASM2582150v1,,assembly from type material,na,Mycobacterium_pseudoshottsii
453,GCF_002086695.1,PRJNA224116,SAMN06064257,MVIH00000000.1,representative genome,36814,36814,Mycolicibacterium rhodesiae,strain=DSM 44223,,latest,Contig,Major,Full,2017/04/11,ASM208669v1,San Raffaele Scientific Institute,GCA_002086695.1,identical,https://ftp.ncbi.nlm.nih.gov/genomes/all/GCF/002/086/695/GCF_002086695.1_ASM208669v1,,assembly from type material,na,Mycolicibacterium_rhodesiae
451,GCF_002101845.1,PRJNA224116,SAMN04216947,LQPQ00000000.1,na,486698,486698,Mycobacterium riyadhense,strain=DSM 45176,,latest,Contig,Major,Full,2017/04/20,ASM210184v1,University of Trento,GCA_002101845.1,identical,https://ftp.ncbi.nlm.nih.gov/genomes/all/GCF/002/101/845/GCF_002101845.1_ASM210184v1,,assembly from type material,na,Mycobacterium_riyadhense
441,GCF_002102255.1,PRJNA224116,SAMN04216938,LQPH00000000.1,na,244292,244292,Mycobacterium nebraskense,strain=DSM 44803,,latest,Contig,Major,Full,2017/04/20,ASM210225v1,University of Trento,GCA_002102255.1,identical,https://ftp.ncbi.nlm.nih.gov/genomes/all/GCF/002/102/255/GCF_002102255.1_ASM210225v1,,assembly from type material,na,Mycobacterium_nebraskense
91,GCF_002086515.1,PRJNA224116,SAMN06064230,MVHH00000000.1,representative genome,342002,342002,Mycolicibacter arupensis,strain=DSM 44942,,latest,Contig,Major,Full,2017/04/11,ASM208651v1,San Raffaele Scientific Institute,GCA_002086515.1,identical,https://ftp.ncbi.nlm.nih.gov/genomes/all/GCF/002/086/515/GCF_002086515.1_ASM208651v1,,assembly from type material,na,Mycolicibacter_arupensis
191,GCF_002101965.1,PRJNA224116,SAMN04216957,LQQA00000000.1,representative genome,59750,59750,Mycolicibacterium wolinskyi,strain=ATCC 700010,,latest,Contig,Major,Full,2017/04/20,ASM210196v1,University of Trento,GCA_002101965.1,identical,https://ftp.ncbi.nlm.nih.gov/genomes/all/GCF/002/101/965/GCF_002101965.1_ASM210196v1,,assembly from type material,na,Mycolicibacterium_wolinskyi
193,GCF_002104765.1,PRJNA224116,SAMN06651660,NCXM00000000.1,representative genome,547163,547163,Mycolicibacterium vulneris,strain=DSM 45247,,latest,Contig,Major,Full,2017/04/21,ASM210476v1,San Raffaele Scientific Institute,GCA_002104765.1,identical,https://ftp.ncbi.nlm.nih.gov/genomes/all/GCF/002/104/765/GCF_002104765.1_ASM210476v1,,assembly from type material,na,Mycolicibacterium_vulneris
194,GCF_013404075.1,PRJNA224116,SAMN14942828,JACBJQ000000000.1,representative genome,2736928,2736928,Mycolicibacterium vinylchloridicum,strain=CECT 8761,,latest,Contig,Major,Full,2020/07/13,ASM1340407v1,"Leibniz Institute DSMZ German Collection of Microorganisms and Cell Cultures, Braunschweig, Germany",GCA_013404075.1,identical,https://ftp.ncbi.nlm.nih.gov/genomes/all/GCF/013/404/075/GCF_013404075.1_ASM1340407v1,,assembly from type material,na,Mycolicibacterium_vinylchloridicum
197,GCF_001552715.1,PRJNA224116,SAMD00046508,BCRS00000000.1,na,1223499,1810,Mycolicibacterium vaccae NBRC 14118 = CIP 105934,strain=NBRC 14118,,latest,Contig,Major,Full,2016/02/06,ASM155271v1,National Institute of Technology and Evaluation,GCA_001552715.1,identical,https://ftp.ncbi.nlm.nih.gov/genomes/all/GCF/001/552/715/GCF_001552715.1_ASM155271v1,,assembly from type material,na,Mycolicibacterium_vaccae
198,GCF_002086795.1,PRJNA224116,SAMN06064262,MVIM00000000.1,representative genome,75922,75922,Mycolicibacterium tusciae,strain=DSM 44338,,latest,Contig,Major,Full,2017/04/11,ASM208679v1,San Raffaele Scientific Institute,GCA_002086795.1,identical,https://ftp.ncbi.nlm.nih.gov/genomes/all/GCF/002/086/795/GCF_002086795.1_ASM208679v1,,assembly from type material,na,Mycolicibacterium_tusciae
201,GCF_000234585.1,PRJNA224116,SAMN02471087,AGVE00000000.1,na,1078020,1797,Mycolicibacterium thermoresistibile ATCC 19527,strain=ATCC 19527,,latest,Contig,Major,Full,2011/11/07,ASM23458v1,Texas A&M University,GCA_000234585.2,identical,https://ftp.ncbi.nlm.nih.gov/genomes/all/GCF/000/234/585/GCF_000234585.1_ASM23458v1,,assembly from type material,na,Mycolicibacterium_thermoresistibile
204,GCF_003719305.1,PRJNA224116,SAMN10102143,RARC00000000.1,representative genome,2358193,2358193,Mycolicibacterium stellerae,strain=CECT 8783,,latest,Contig,Major,Full,2018/11/09,ASM371930v1,Newcastle University,GCA_003719305.1,identical,https://ftp.ncbi.nlm.nih.gov/genomes/all/GCF/003/719/305/GCF_003719305.1_ASM371930v1,,assembly from type material,na,Mycolicibacterium_stellerae
205,GCF_029222015.1,PRJNA224116,SAMN32669029,JARCBW000000000.1,na,1772,1772,Mycolicibacterium smegmatis,strain=ATCC 19420,,latest,Contig,Major,Full,2023/03/15,ASM2922201v1,Aberystwyth University,GCA_029222015.1,identical,https://ftp.ncbi.nlm.nih.gov/genomes/all/GCF/029/222/015/GCF_029222015.1_ASM2922201v1,,assembly from type material,na,Mycolicibacterium_smegmatis
80,GCF_002101885.1,PRJNA224116,SAMN04216949,LQPS00000000.1,na,386913,386913,Mycolicibacter senuensis,strain=DSM 44999,,latest,Contig,Major,Full,2017/04/20,ASM210188v1,University of Trento,GCA_002101885.1,identical,https://ftp.ncbi.nlm.nih.gov/genomes/all/GCF/002/101/885/GCF_002101885.1_ASM210188v1,,assembly from type material,na,Mycolicibacter_senuensis
82,GCF_002086455.1,PRJNA224116,SAMN06064225,MVHC00000000.1,na,723879,1288388,Mycolicibacter algericus DSM 45454,strain=DSM 45454,,latest,Contig,Major,Full,2017/04/11,ASM208645v1,San Raffaele Scientific Institute,GCA_002086455.1,identical,https://ftp.ncbi.nlm.nih.gov/genomes/all/GCF/002/086/455/GCF_002086455.1_ASM208645v1,,assembly from type material,na,Mycolicibacter_algericus
209,GCF_012396425.1,PRJNA224116,SAMN14517851,JAAXPJ000000000.1,na,1341646,98668,Mycolicibacterium septicum DSM 44393,strain=ATCC 700731,,latest,Contig,Major,Full,2020/04/15,ASM1239642v1,Bacterial Special Pathogens Branch (CDC),GCA_012396425.1,identical,https://ftp.ncbi.nlm.nih.gov/genomes/all/GCF/012/396/425/GCF_012396425.1_ASM1239642v1,,assembly from type material,na,Mycolicibacterium_septicum
216,GCF_002250655.1,PRJNA224116,SAMN07372526,NOZR00000000.1,representative genome,1786,1786,Mycolicibacterium sphagni,strain=ATCC 33027,,latest,Contig,Major,Full,2017/08/14,ASM225065v1,San Raffaele Scientific Institute,GCA_002250655.1,identical,https://ftp.ncbi.nlm.nih.gov/genomes/all/GCF/002/250/655/GCF_002250655.1_ASM225065v1,,assembly from type material,na,Mycolicibacterium_sphagni
107,GCF_002102355.1,PRJNA224116,SAMN04216950,LQPT00000000.1,representative genome,243061,243061,Mycobacterium sherrisii,strain=ATCC BAA-832,,latest,Contig,Major,Full,2017/04/20,ASM210235v1,University of Trento,GCA_002102355.1,identical,https://ftp.ncbi.nlm.nih.gov/genomes/all/GCF/002/102/355/GCF_002102355.1_ASM210235v1,,assembly from type material,na,Mycobacterium_sherrisii
118,GCF_002086735.1,PRJNA224116,SAMN06064259,MVIJ00000000.1,representative genome,1783,1783,Mycobacterium scrofulaceum,strain=DSM 43992,,latest,Contig,Major,Full,2017/04/11,ASM208673v1,San Raffaele Scientific Institute,GCA_002086735.1,identical,https://ftp.ncbi.nlm.nih.gov/genomes/all/GCF/002/086/735/GCF_002086735.1_ASM208673v1,,assembly from type material,na,Mycobacterium_scrofulaceum
124,GCF_025821785.1,PRJNA224116,SAMN15568992,JACKSO000000000.1,na,470076,470076,Mycobacterium stomatepiae,strain=DSM 45059,,latest,Contig,Major,Full,2022/10/24,ASM2582178v1,Uppsala University,GCA_025821785.1,identical,https://ftp.ncbi.nlm.nih.gov/genomes/all/GCF/025/821/785/GCF_025821785.1_ASM2582178v1,,assembly from type material,na,Mycobacterium_stomatepiae
125,GCF_002116635.1,PRJNA224116,SAMN04216953,LQPW00000000.1,representative genome,1787,1787,Mycobacterium szulgai,strain=DSM 44166,,latest,Contig,Major,Full,2017/04/20,ASM211663v1,University of Trento,GCA_002116635.1,identical,https://ftp.ncbi.nlm.nih.gov/genomes/all/GCF/002/116/635/GCF_002116635.1_ASM211663v1,,assembly from type material,na,Mycobacterium_szulgai
136,GCF_001942625.1,PRJNA224116,SAMN05897976,MLCL00000000.1,representative genome,1908205,1908205,Mycobacterium syngnathidarum,strain=27335,,latest,Contig,Major,Full,2017/01/11,ASM194262v1,University of Georgia,GCA_001942625.1,identical,https://ftp.ncbi.nlm.nih.gov/genomes/all/GCF/001/942/625/GCF_001942625.1_ASM194262v1,,assembly from type material,na,Mycobacterium_syngnathidarum
139,GCF_002102415.1,PRJNA224116,SAMN04216955,LQPY00000000.1,representative genome,47839,47839,Mycobacterium triplex,strain=DSM 44626,,latest,Contig,Major,Full,2017/04/20,ASM210241v1,University of Trento,GCA_002102415.1,identical,https://ftp.ncbi.nlm.nih.gov/genomes/all/GCF/002/102/415/GCF_002102415.1_ASM210241v1,,assembly from type material,na,Mycobacterium_triplex
142,GCF_002086775.1,PRJNA224116,SAMN06064261,MVIL00000000.1,na,701043,701043,Mycobacterium timonense,strain=CCUG 56329,,latest,Contig,Major,Full,2017/04/11,ASM208677v1,San Raffaele Scientific Institute,GCA_002086775.1,identical,https://ftp.ncbi.nlm.nih.gov/genomes/all/GCF/002/086/775/GCF_002086775.1_ASM208677v1,,assembly from type material,na,Mycobacterium_timonense
84,GCF_018455725.1,PRJNA224116,SAMN19113909,JAHCLR000000000.1,representative genome,2835306,2835306,Mycolicibacter acidiphilus,strain=M1,,latest,Contig,Major,Full,2021/05/24,ASM1845572v1,University of Queensland,GCA_018455725.1,identical,https://ftp.ncbi.nlm.nih.gov/genomes/all/GCF/018/455/725/GCF_018455725.1_ASM1845572v1,,assembly from type material,na,Mycolicibacter_acidiphilus
538,GCF_000612825.1,PRJNA224116,SAMEA3138978,CCBF000000000.1,na,1209984,53462,Mycolicibacterium mageritense DSM 44476 = CIP 104973,strain=CIP 104973,,latest,Contig,Major,Full,2014/03/31,PRJEB5749_assembly_1,URMITE,GCA_000612825.1,identical,https://ftp.ncbi.nlm.nih.gov/genomes/all/GCF/000/612/825/GCF_000612825.1_PRJEB5749_assembly_1,,assembly from type material,na,Mycolicibacterium_mageritense
68,GCF_025821865.1,PRJNA224116,SAMN15568993,JACKSN000000000.1,na,1798,1798,Mycolicibacillus trivialis,strain=DSM 44153,,latest,Contig,Major,Full,2022/10/24,ASM2582186v1,Uppsala University,GCA_025821865.1,identical,https://ftp.ncbi.nlm.nih.gov/genomes/all/GCF/025/821/865/GCF_025821865.1_ASM2582186v1,,assembly from type material,na,Mycolicibacillus_trivialis
63,GCF_002104795.1,PRJNA224116,SAMN06651658,NCXO00000000.1,na,1069220,1069220,Mycolicibacillus koreensis,strain=KCTC 19819,,latest,Contig,Major,Full,2017/04/21,ASM210479v1,San Raffaele Scientific Institute,GCA_002104795.1,identical,https://ftp.ncbi.nlm.nih.gov/genomes/all/GCF/002/104/795/GCF_002104795.1_ASM210479v1,,assembly from type material,na,Mycolicibacillus_koreensis
69,GCF_002102265.1,PRJNA224116,SAMN04216937,LQPG00000000.1,representative genome,1108812,1108812,Mycolicibacter longobardus,strain=DSM 45394,,latest,Contig,Major,Full,2017/04/20,ASM210226v1,University of Trento,GCA_002102265.1,identical,https://ftp.ncbi.nlm.nih.gov/genomes/all/GCF/002/102/265/GCF_002102265.1_ASM210226v1,,assembly from type material,na,Mycolicibacter_longobardus
74,GCF_002101775.1,PRJNA224116,SAMN04216939,LQPI00000000.1,representative genome,1782,1782,Mycolicibacter nonchromogenicus,strain=DSM 44164,,latest,Contig,Major,Full,2017/04/20,ASM210177v1,University of Trento,GCA_002101775.1,identical,https://ftp.ncbi.nlm.nih.gov/genomes/all/GCF/002/101/775/GCF_002101775.1_ASM210177v1,,assembly from type material,na,Mycolicibacter_nonchromogenicus
153,GCF_000612725.1,PRJNA224116,SAMEA3138973,CCAW000000000.1,na,39687,39687,Mycolicibacterium austroafricanum,strain=DSM 44191,,latest,Scaffold,Major,Full,2014/03/26,PRJEB5747_assembly_1,URMITE,GCA_000612725.1,identical,https://ftp.ncbi.nlm.nih.gov/genomes/all/GCF/000/612/725/GCF_000612725.1_PRJEB5747_assembly_1,,assembly from type material,na,Mycolicibacterium_austroafricanum
488,GCF_026012615.1,PRJNA224116,SAMD00467631,BSAJ00000000.1,na,154654,154654,Mycobacterium montefiorense,strain=ATCC BAA-256,,latest,Scaffold,Major,Full,2022/10/11,ASM2601261v1,"Laboratory of Aquatic Medicine School of Veterinary Medicine, Nippon Veterinary and Life Science University",GCA_026012615.1,identical,https://ftp.ncbi.nlm.nih.gov/genomes/all/GCF/026/012/615/GCF_026012615.1_ASM2601261v1,,assembly from type material,na,Mycobacterium_montefiorense
97,GCF_000455305.1,PRJNA224116,SAMEA2272207,CBMJ000000000.2,na,1236483,1784,Mycobacterium simiae ATCC 25275 = DSM 44165,strain=ATCC 25275 = DSM 44165,,latest,Scaffold,Major,Full,2013/08/20,MsimiaeDSM44165,URMITE,GCA_000455305.1,identical,https://ftp.ncbi.nlm.nih.gov/genomes/all/GCF/000/455/305/GCF_000455305.1_MsimiaeDSM44165,,,na,Mycobacterium_simiae
271,GCF_021916785.1,PRJNA224116,SAMN23132885,JAKCFC000000000.1,representative genome,2895283,2895283,Mycolicibacterium lacusdiani,strain=JXJ CY 35,,latest,Scaffold,Major,Full,2022/02/03,ASM2191678v1,JIUJIANG UNIVERSITY,GCA_021916785.1,identical,https://ftp.ncbi.nlm.nih.gov/genomes/all/GCF/021/916/785/GCF_021916785.1_ASM2191678v1,,assembly from type material,na,Mycolicibacterium_lacusdiani
241,GCF_001044235.1,PRJNA224116,SAMN03327461,JYNL00000000.1,na,37916,37916,Mycolicibacterium chlorophenolicum,strain=DSM 43826,,latest,Scaffold,Major,Full,2015/07/01,ASM104423v1,Uppsala University,GCA_001044235.1,identical,https://ftp.ncbi.nlm.nih.gov/genomes/all/GCF/001/044/235/GCF_001044235.1_ASM104423v1,,assembly from type material,na,Mycolicibacterium_chlorophenolicum
174,GCF_005670605.1,PRJNA224116,SAMN08339099,POTO00000000.1,na,1795,1795,Mycolicibacterium neoaurum,strain=DSM 44074,,latest,Scaffold,Major,Full,2019/05/23,ASM567060v1,Uppsala University,GCA_005670605.1,identical,https://ftp.ncbi.nlm.nih.gov/genomes/all/GCF/005/670/605/GCF_005670605.1_ASM567060v1,,assembly from type material,na,Mycolicibacterium_neoaurum
22,GCF_000295855.1,PRJNA224116,SAMN02470125,ALQB00000000.1,na,1214102,1766,Mycolicibacterium fortuitum subsp. fortuitum DSM 46621 = ATCC 6841 = JCM 6387,strain=DSM 46621,,latest,Scaffold,Major,Full,2012/09/12,ASM29585v1,KAUST,GCA_000295855.1,identical,https://ftp.ncbi.nlm.nih.gov/genomes/all/GCF/000/295/855/GCF_000295855.1_ASM29585v1,,assembly from type material,na,Mycolicibacterium_fortuitum
264,GCF_000723385.1,PRJNA224116,SAMEA3139027,CCAY000000000.1,na,1802,1802,Mycolicibacterium farcinogenes,strain=DSM 43637,,latest,Scaffold,Major,Full,2014/05/12,PRJEB5746_assembly_1,URMITE,GCA_000723385.1,identical,https://ftp.ncbi.nlm.nih.gov/genomes/all/GCF/000/723/385/GCF_000723385.1_PRJEB5746_assembly_1,,assembly from type material,na,Mycolicibacterium_farcinogenes
265,GCF_025822705.1,PRJNA224116,SAMN15568943,JACKUL000000000.1,na,1776,1776,Mycolicibacterium flavescens,strain=DSM 43991,,latest,Scaffold,Major,Full,2022/10/24,ASM2582270v1,Uppsala University,GCA_025822705.1,identical,https://ftp.ncbi.nlm.nih.gov/genomes/all/GCF/025/822/705/GCF_025822705.1_ASM2582270v1,,assembly from type material,na,Mycolicibacterium_flavescens
168,GCF_025822165.1,PRJNA224116,SAMN15568972,JACKTI000000000.1,na,59813,59813,Mycolicibacterium novocastrense,strain=DSM 44203,,latest,Scaffold,Major,Full,2022/10/24,ASM2582216v1,Uppsala University,GCA_025822165.1,identical,https://ftp.ncbi.nlm.nih.gov/genomes/all/GCF/025/822/165/GCF_025822165.1_ASM2582216v1,,assembly from type material,na,Mycolicibacterium_novocastrense
272,GCF_025822605.1,PRJNA224116,SAMN15568956,JACKTY000000000.1,representative genome,1779,1779,Mycolicibacterium komossense,strain=DSM 44078,,latest,Scaffold,Major,Full,2022/10/24,ASM2582260v1,Uppsala University,GCA_025822605.1,identical,https://ftp.ncbi.nlm.nih.gov/genomes/all/GCF/025/822/605/GCF_025822605.1_ASM2582260v1,,assembly from type material,na,Mycolicibacterium_komossense
267,GCF_025331195.1,PRJNA224116,SAMN04954894,LXOV00000000.1,na,280871,280871,Mycolicibacterium llatzerense,strain=MG13,,latest,Scaffold,Major,Full,2022/09/20,ASM2533119v1,University of Balearic Islands,GCA_025331195.1,identical,https://ftp.ncbi.nlm.nih.gov/genomes/all/GCF/025/331/195/GCF_025331195.1_ASM2533119v1,,assembly from type material,na,Mycolicibacterium_llatzerense
294,GCF_025822245.1,PRJNA224116,SAMN15568969,JACKTL000000000.1,representative genome,49897,49897,Mycolicibacterium hodleri,strain=DSM 44183,,latest,Scaffold,Major,Full,2022/10/24,ASM2582224v1,Uppsala University,GCA_025822245.1,identical,https://ftp.ncbi.nlm.nih.gov/genomes/all/GCF/025/822/245/GCF_025822245.1_ASM2582224v1,,assembly from type material,na,Mycolicibacterium_hodleri
104,GCF_025822885.1,PRJNA224116,SAMN15568941,JACKUN000000000.1,na,29313,29313,Mycobacterium shimoidei,strain=DSM 44152,,latest,Scaffold,Major,Full,2022/10/24,ASM2582288v1,Uppsala University,GCA_025822885.1,identical,https://ftp.ncbi.nlm.nih.gov/genomes/all/GCF/025/822/885/GCF_025822885.1_ASM2582288v1,,assembly from type material,na,Mycobacterium_shimoidei
524,GCF_003431645.1,PRJNA224116,SAMN07811439,PEDC00000000.1,na,1781,1781,Mycobacterium marinum,strain=DSM 44344,,latest,Scaffold,Major,Full,2018/08/29,ASM343164v1,Uppsala University,GCA_003431645.1,identical,https://ftp.ncbi.nlm.nih.gov/genomes/all/GCF/003/431/645/GCF_003431645.1_ASM343164v1,,assembly from type material,na,Mycobacterium_marinum
291,GCF_025822145.1,PRJNA224116,SAMN15568973,JACKTH000000000.1,na,117567,117567,Mycobacterium frederiksbergense,strain=DSM 45364,,latest,Scaffold,Major,Full,2022/10/24,ASM2582214v1,Uppsala University,GCA_025822145.1,identical,https://ftp.ncbi.nlm.nih.gov/genomes/all/GCF/025/822/145/GCF_025822145.1_ASM2582214v1,,,na,Mycobacterium_frederiksbergense
117,GCF_025822985.1,PRJNA224116,SAMN15568932,JACKUW000000000.1,na,1286180,1286180,Mycolicibacterium sediminis,strain=DSM 45643,,latest,Scaffold,Major,Full,2022/10/24,ASM2582298v1,Uppsala University,GCA_025822985.1,identical,https://ftp.ncbi.nlm.nih.gov/genomes/all/GCF/025/822/985/GCF_025822985.1_ASM2582298v1,,assembly from type material,na,Mycolicibacterium_sediminis
529,GCF_001050015.1,PRJNA224116,SAMEA3432686,CVTB00000000.1,representative genome,1566886,1566886,Mycolicibacterium malmesburyense,strain=WCM 7299,,latest,Scaffold,Major,Full,2015/06/30,Mycobacterium malmesburii WCM 7299,Centre for Proteomic and Genomic Research,GCA_001050015.1,identical,https://ftp.ncbi.nlm.nih.gov/genomes/all/GCF/001/050/015/GCF_001050015.1_Mycobacterium_malmesburii_WCM_7299,,assembly from type material,na,Mycolicibacterium_malmesburyense
288,GCF_025821885.1,PRJNA224116,SAMN15568987,JACKST000000000.1,na,1804,1804,Mycolicibacterium gilvum,strain=DSM 45363,,latest,Scaffold,Major,Full,2022/10/24,ASM2582188v1,Uppsala University,GCA_025821885.1,identical,https://ftp.ncbi.nlm.nih.gov/genomes/all/GCF/025/821/885/GCF_025821885.1_ASM2582188v1,,,na,Mycolicibacterium_gilvum
145,GCF_025822325.1,PRJNA224116,SAMN15568963,JACKTR000000000.1,na,1797,1797,Mycolicibacterium thermoresistibile,strain=DSM 44167,,latest,Scaffold,Major,Full,2022/10/24,ASM2582232v1,Uppsala University,GCA_025822325.1,identical,https://ftp.ncbi.nlm.nih.gov/genomes/all/GCF/025/822/325/GCF_025822325.1_ASM2582232v1,,assembly from type material,na,Mycolicibacterium_thermoresistibile
455,GCF_025821625.1,PRJNA224116,SAMN15568999,JACKSH000000000.1,representative genome,187102,187102,Mycolicibacterium pyrenivorans,strain=DSM 44605,,latest,Scaffold,Major,Full,2022/10/24,ASM2582162v1,Uppsala University,GCA_025821625.1,identical,https://ftp.ncbi.nlm.nih.gov/genomes/all/GCF/025/821/625/GCF_025821625.1_ASM2582162v1,,assembly from type material,na,Mycolicibacterium_pyrenivorans
276,GCF_025823315.1,PRJNA224116,SAMN15568919,JACKVJ000000000.1,representative genome,146021,146021,Mycolicibacterium houstonense,strain=DSM 44676,,latest,Scaffold,Major,Full,2022/10/24,ASM2582331v1,Uppsala University,GCA_025823315.1,identical,https://ftp.ncbi.nlm.nih.gov/genomes/all/GCF/025/823/315/GCF_025823315.1_ASM2582331v1,,assembly from type material,na,Mycolicibacterium_houstonense
131,GCF_005670695.1,PRJNA224116,SAMN08339098,POTN00000000.1,representative genome,319707,319707,Mycolicibacterium aubagnense,strain=DSM 45150,,latest,Scaffold,Major,Full,2019/05/23,ASM567069v1,Uppsala University,GCA_005670695.1,identical,https://ftp.ncbi.nlm.nih.gov/genomes/all/GCF/005/670/695/GCF_005670695.1_ASM567069v1,,assembly from type material,na,Mycolicibacterium_aubagnense
388,GCF_001049355.1,PRJNA224116,SAMEA3216266,CVQQ00000000.1,na,1791,1791,Mycolicibacterium aurum,strain=NCTC 10437,,latest,Scaffold,Major,Full,2015/06/30,M_aurum,LSHTM,GCA_001049355.1,identical,https://ftp.ncbi.nlm.nih.gov/genomes/all/GCF/001/049/355/GCF_001049355.1_M_aurum,,assembly from type material,na,Mycolicibacterium_aurum
401,GCF_025822265.1,PRJNA224116,SAMN15568968,JACKTM000000000.1,na,146020,146020,Mycolicibacterium brisbanense,strain=DSM 44680,,latest,Scaffold,Major,Full,2022/10/24,ASM2582226v1,Uppsala University,GCA_025822265.1,identical,https://ftp.ncbi.nlm.nih.gov/genomes/all/GCF/025/822/265/GCF_025822265.1_ASM2582226v1,,assembly from type material,na,Mycolicibacterium_brisbanense
436,GCF_002245615.1,PRJNA224116,SAMN07269033,NKCO00000000.1,representative genome,2048551,2048551,Mycobacterium neumannii,strain=CECT 8766,,latest,Scaffold,Major,Full,2017/08/10,ASM224561v1,Northumbria University,GCA_002245615.1,identical,https://ftp.ncbi.nlm.nih.gov/genomes/all/GCF/002/245/615/GCF_002245615.1_ASM224561v1,,assembly from type material,na,Mycobacterium_neumannii
428,GCF_002592005.1,PRJNA224116,SAMN07606484,NVQF00000000.1,representative genome,2034511,2034511,Mycobacterium palauense,strain=CECT 8779,,latest,Scaffold,Major,Full,2017/10/19,ASM259200v1,Northumbria University,GCA_002592005.1,identical,https://ftp.ncbi.nlm.nih.gov/genomes/all/GCF/002/592/005/GCF_002592005.1_ASM259200v1,,assembly from type material,na,Mycobacterium_palauense
450,GCF_000164135.1,PRJNA224116,SAMN00189881,ADNV00000000.1,representative genome,525368,240125,Mycobacterium parascrofulaceum ATCC BAA-614,strain=ATCC BAA-614,,latest,Scaffold,Major,Full,2010/05/13,ASM16413v1,Baylor College of Medicine,GCA_000164135.1,identical,https://ftp.ncbi.nlm.nih.gov/genomes/all/GCF/000/164/135/GCF_000164135.1_ASM16413v1,,assembly from type material,na,Mycobacterium_parascrofulaceum
408,GCF_001053185.1,PRJNA224116,SAMEA3305052,CSTD00000000.1,na,1236609,56425,Mycobacterium bohemicum DSM 44277,strain=DSM 44277,,latest,Scaffold,Major,Full,2015/04/20,PRJEB5741_assembly_1,URMITE,GCA_001053185.1,identical,https://ftp.ncbi.nlm.nih.gov/genomes/all/GCF/001/053/185/GCF_001053185.1_PRJEB5741_assembly_1,,assembly from type material,na,Mycobacterium_bohemicum
415,GCF_025821955.1,PRJNA224116,SAMN15568983,JACKSX000000000.1,na,1273442,1273442,Mycobacterium bourgelatii,strain=DSM 45746,,latest,Scaffold,Major,Full,2022/10/24,ASM2582195v1,Uppsala University,GCA_025821955.1,identical,https://ftp.ncbi.nlm.nih.gov/genomes/all/GCF/025/821/955/GCF_025821955.1_ASM2582195v1,,assembly from type material,na,Mycobacterium_bourgelatii
