,# assembly_accession,taxid,species_taxid,organism_name,infraspecific_name,assembly_level,genome_rep,ftp_path,sp,aKey,oKey
5673,GCF_000277775.2,1198627,36809,Mycobacteroides abscessus subsp. massiliense str. GO 06,strain=GO 06,Complete Genome,Full,https://ftp.ncbi.nlm.nih.gov/genomes/all/GCF/000/277/775/GCF_000277775.2_ASM27777v2,Mycobacteroides_massiliense,0,0
6518,GCF_000298095.1,1232724,1767,Mycobacterium intracellulare subsp. intracellulare MTCC 9506,strain=MTCC 9506,Complete Genome,Full,https://ftp.ncbi.nlm.nih.gov/genomes/all/GCF/000/298/095/GCF_000298095.1_ASM29809v1,Mycobacterium_intracellulare,0,0
11236,GCF_000418535.1,1138871,1767,Mycobacterium intracellulare subsp. yongonense 05-1390,strain=05-1390,Complete Genome,Full,https://ftp.ncbi.nlm.nih.gov/genomes/all/GCF/000/418/535/GCF_000418535.1_ASM41853v2,Mycobacterium_yongonense,0,0
12001,GCF_000445035.1,1303024,36809,Mycobacteroides abscessus subsp. bolletii 50594,strain=50594,Complete Genome,Full,https://ftp.ncbi.nlm.nih.gov/genomes/all/GCF/000/445/035/GCF_000445035.1_ASM44503v1,Mycobacteroides_bolletii,0,0
28024,GCF_000829075.1,1229671,1764,Mycobacterium avium subsp. hominissuis TH135,strain=TH135,Complete Genome,Full,https://ftp.ncbi.nlm.nih.gov/genomes/all/GCF/000/829/075/GCF_000829075.1_ASM82907v1,Mycobacterium_hominissuis,0,0
64351,GCF_001750065.2,222805,1767,Mycobacterium intracellulare subsp. chimaera,strain=AH16,Complete Genome,Full,https://ftp.ncbi.nlm.nih.gov/genomes/all/GCF/001/750/065/GCF_001750065.2_ASM175006v2,Mycobacterium_chimaera,0,0
85301,GCF_002355775.1,1124626,1809,Mycobacterium ulcerans subsp. shinshuense,strain=ATCC 33728,Complete Genome,Full,https://ftp.ncbi.nlm.nih.gov/genomes/all/GCF/002/355/775/GCF_002355775.1_ASM235577v1,Mycobacterium_shinshuense,0,0
149667,GCF_009741445.1,44454,1764,Mycobacterium avium subsp. avium,strain=DSM 44156,Complete Genome,Full,https://ftp.ncbi.nlm.nih.gov/genomes/all/GCF/009/741/445/GCF_009741445.1_ASM974144v1,Mycobacterium_avium,0,0
187604,GCF_017183555.1,1185650,36809,Mycobacteroides abscessus subsp. abscessus,strain=GD38,Complete Genome,Full,https://ftp.ncbi.nlm.nih.gov/genomes/all/GCF/017/183/555/GCF_017183555.1_ASM1718355v1,Mycobacteroides_abscessus,0,0
219445,GCF_022179545.1,144549,1766,Mycolicibacterium fortuitum subsp. fortuitum,strain=JCM 6387,Complete Genome,Full,https://ftp.ncbi.nlm.nih.gov/genomes/all/GCF/022/179/545/GCF_022179545.1_ASM2217954v1,Mycolicibacterium_fortuitum,0,0
410,GCF_000013925.1,362242,1809,Mycobacterium ulcerans Agy99,strain=Agy99,Complete Genome,Full,https://ftp.ncbi.nlm.nih.gov/genomes/all/GCF/000/013/925/GCF_000013925.1_ASM1392v2,Mycobacterium_ulcerans,0,1
452,GCF_000015005.1,246196,1772,Mycolicibacterium smegmatis MC2 155,strain=MC2 155,Complete Genome,Full,https://ftp.ncbi.nlm.nih.gov/genomes/all/GCF/000/015/005/GCF_000015005.1_ASM1500v1,Mycolicibacterium_smegmatis,0,1
467,GCF_000015305.1,350058,110539,Mycolicibacterium vanbaalenii PYR-1,strain=PYR-1,Complete Genome,Full,https://ftp.ncbi.nlm.nih.gov/genomes/all/GCF/000/015/305/GCF_000015305.1_ASM1530v1,Mycolicibacterium_vanbaalenii,0,1
583,GCF_000018345.1,216594,1781,Mycobacterium marinum M,strain=M,Complete Genome,Full,https://ftp.ncbi.nlm.nih.gov/genomes/all/GCF/000/018/345/GCF_000018345.1_ASM1834v1,Mycobacterium_marinum,0,1
941,GCF_000026445.2,459424,261524,Mycobacterium liflandii 128FXT,strain=128FXT,Complete Genome,Full,https://ftp.ncbi.nlm.nih.gov/genomes/all/GCF/000/026/445/GCF_000026445.2_ASM2644v2,Mycobacterium_liflandii,0,1
1625,GCF_000157895.3,557599,1768,Mycobacterium kansasii ATCC 12478,strain=ATCC 12478,Complete Genome,Full,https://ftp.ncbi.nlm.nih.gov/genomes/all/GCF/000/157/895/GCF_000157895.3_ASM15789v2,Mycobacterium_kansasii,0,1
2606,GCF_000184435.1,278137,1804,Mycolicibacterium gilvum Spyr1,strain=Spyr1,Complete Genome,Full,https://ftp.ncbi.nlm.nih.gov/genomes/all/GCF/000/184/435/GCF_000184435.1_ASM18443v1,Mycolicibacterium_gilvum,0,1
3014,GCF_000195855.1,272631,1769,Mycobacterium leprae TN,strain=TN,Complete Genome,Full,https://ftp.ncbi.nlm.nih.gov/genomes/all/GCF/000/195/855/GCF_000195855.1_ASM19585v1,Mycobacterium_leprae,0,1
3274,GCF_000214155.1,875328,875328,Mycolicibacter sinensis,strain=JDM601,Complete Genome,Full,https://ftp.ncbi.nlm.nih.gov/genomes/all/GCF/000/214/155/GCF_000214155.1_ASM21415v1,Mycolicibacter_sinensis,0,1
3868,GCF_000230895.2,710685,36814,Mycolicibacterium rhodesiae NBB3,strain=NBB3,Complete Genome,Full,https://ftp.ncbi.nlm.nih.gov/genomes/all/GCF/000/230/895/GCF_000230895.2_ASM23089v3,Mycolicibacterium_rhodesiae,0,1
5210,GCF_000266905.1,710421,1800,Mycolicibacterium chubuense NBB4,strain=NBB4,Complete Genome,Full,https://ftp.ncbi.nlm.nih.gov/genomes/all/GCF/000/266/905/GCF_000266905.1_ASM26690v1,Mycolicibacterium_chubuense,0,1
5637,GCF_000276825.1,1138383,1138383,Mycobacterium paraintracellulare,strain=MOTT64,Complete Genome,Full,https://ftp.ncbi.nlm.nih.gov/genomes/all/GCF/000/276/825/GCF_000276825.1_ASM27682v1,Mycobacterium_paraintracellulare,0,1
7308,GCF_000317305.3,700508,1795,Mycolicibacterium neoaurum VKM Ac-1815D,strain=VKM Ac-1815D,Complete Genome,Full,https://ftp.ncbi.nlm.nih.gov/genomes/all/GCF/000/317/305/GCF_000317305.3_ASM31730v3,Mycolicibacterium_neoaurum,0,1
8229,GCF_000340435.2,1202450,29311,Mycobacterium haemophilum DSM 44634,strain=ATCC 29548,Complete Genome,Full,https://ftp.ncbi.nlm.nih.gov/genomes/all/GCF/000/340/435/GCF_000340435.2_ASM34043v3,Mycobacterium_haemophilum,0,1
34517,GCF_000975265.2,480418,480418,Mycobacterium lepromatosis,strain=FJ924,Complete Genome,Full,https://ftp.ncbi.nlm.nih.gov/genomes/all/GCF/000/975/265/GCF_000975265.2_ASM97526v2,Mycobacterium_lepromatosis,0,1
53360,GCF_001456355.1,1578165,1578165,Mycobacteroides saopaulense,strain=EPM10906,Complete Genome,Full,https://ftp.ncbi.nlm.nih.gov/genomes/all/GCF/001/456/355/GCF_001456355.1_ASM145635v1,Mycobacteroides_saopaulense,0,1
58360,GCF_001583415.1,1771,1771,Mycolicibacterium phlei,strain=CCUG 21000,Complete Genome,Full,https://ftp.ncbi.nlm.nih.gov/genomes/all/GCF/001/583/415/GCF_001583415.1_ASM158341v1,Mycolicibacterium_phlei,0,1
59126,GCF_001605725.1,83262,83262,Mycobacteroides immunogenum,strain=CCUG 47286,Complete Genome,Full,https://ftp.ncbi.nlm.nih.gov/genomes/all/GCF/001/605/725/GCF_001605725.1_ASM160572v1,Mycobacteroides_immunogenum,0,1
60100,GCF_001632805.1,1460372,1774,Mycobacteroides chelonae CCUG 47445,strain=CCUG 47445,Complete Genome,Full,https://ftp.ncbi.nlm.nih.gov/genomes/all/GCF/001/632/805/GCF_001632805.1_ASM163280v1,Mycobacteroides_chelonae,0,1
60995,GCF_001655245.1,1354275,1810,Mycolicibacterium vaccae 95051,strain=95051,Complete Genome,Full,https://ftp.ncbi.nlm.nih.gov/genomes/all/GCF/001/655/245/GCF_001655245.1_ASM165524v1,Mycolicibacterium_vaccae,0,1
76985,GCF_002105755.1,1041522,339268,Mycobacterium colombiense CECT 3035,strain=CECT 3035,Complete Genome,Full,https://ftp.ncbi.nlm.nih.gov/genomes/all/GCF/002/105/755/GCF_002105755.1_ASM210575v1,Mycobacterium_colombiense,0,1
79373,GCF_002157835.1,482462,482462,Mycobacterium dioxanotrophicus,strain=PH-06,Complete Genome,Full,https://ftp.ncbi.nlm.nih.gov/genomes/all/GCF/002/157/835/GCF_002157835.1_ASM215783v1,Mycobacterium_dioxanotrophicus,0,1
84259,GCF_002285715.1,701042,701042,Mycobacterium marseillense,strain=FLAC0026,Complete Genome,Full,https://ftp.ncbi.nlm.nih.gov/genomes/all/GCF/002/285/715/GCF_002285715.1_ASM228571v1,Mycobacterium_marseillense,0,1
85325,GCF_002356315.1,722731,722731,Mycobacterium shigaense,strain=JCM 32072,Complete Genome,Full,https://ftp.ncbi.nlm.nih.gov/genomes/all/GCF/002/356/315/GCF_002356315.1_ASM235631v1,Mycobacterium_shigaense,0,1
114772,GCF_003584745.1,1136880,265949,Mycobacterium pseudoshottsii JCM 15466,strain=JCM 15466,Complete Genome,Full,https://ftp.ncbi.nlm.nih.gov/genomes/all/GCF/003/584/745/GCF_003584745.1_ASM358474v1,Mycobacterium_pseudoshottsii,0,1
115734,GCF_003614435.1,1389713,1389713,Mycobacterium paragordonae,strain=49061,Complete Genome,Full,https://ftp.ncbi.nlm.nih.gov/genomes/all/GCF/003/614/435/GCF_003614435.1_ASM361443v1,Mycobacterium_paragordonae,0,1
131926,GCF_004924335.1,404941,404941,Mycobacteroides salmoniphilum,strain=DSM 43276,Complete Genome,Full,https://ftp.ncbi.nlm.nih.gov/genomes/all/GCF/004/924/335/GCF_004924335.1_ASM492433v1,Mycobacteroides_salmoniphilum,0,1
134552,GCF_005670685.2,1226753,56689,Mycolicibacterium mucogenicum DSM 44124,strain=DSM 44124,Complete Genome,Full,https://ftp.ncbi.nlm.nih.gov/genomes/all/GCF/005/670/685/GCF_005670685.2_ASM567068v2,Mycolicibacterium_mucogenicum,0,1
143249,GCF_008329645.1,1552759,1552759,Mycobacterium grossiae,strain=DSM 104744,Complete Genome,Full,https://ftp.ncbi.nlm.nih.gov/genomes/all/GCF/008/329/645/GCF_008329645.1_ASM832964v1,Mycobacterium_grossiae,0,1
154099,GCF_009931355.1,1226751,85693,Mycolicibacterium monacense DSM 44395,strain=DSM 44395,Complete Genome,Full,https://ftp.ncbi.nlm.nih.gov/genomes/all/GCF/009/931/355/GCF_009931355.1_ASM993135v1,Mycolicibacterium_monacense,0,1
154313,GCF_009936235.1,1789,1789,Mycobacterium xenopi,strain=JCM 15661,Complete Genome,Full,https://ftp.ncbi.nlm.nih.gov/genomes/all/GCF/009/936/235/GCF_009936235.1_ASM993623v1,Mycobacterium_xenopi,0,1
155607,GCF_010725485.1,39692,39692,Mycolicibacterium parafortuitum,strain=JCM 6367,Complete Genome,Full,https://ftp.ncbi.nlm.nih.gov/genomes/all/GCF/010/725/485/GCF_010725485.1_ASM1072548v1,Mycolicibacterium_parafortuitum,0,1
155608,GCF_010725725.1,36813,36813,Mycolicibacterium pulveris,strain=JCM 6370,Complete Genome,Full,https://ftp.ncbi.nlm.nih.gov/genomes/all/GCF/010/725/725/GCF_010725725.1_ASM1072572v1,Mycolicibacterium_pulveris,0,1
155609,GCF_010725885.1,39695,39695,Mycolicibacterium tokaiense,strain=JCM 6373,Complete Genome,Full,https://ftp.ncbi.nlm.nih.gov/genomes/all/GCF/010/725/885/GCF_010725885.1_ASM1072588v1,Mycolicibacterium_tokaiense,0,1
155610,GCF_010726085.1,39691,39691,Mycolicibacterium moriokaense,strain=JCM 6375,Complete Genome,Full,https://ftp.ncbi.nlm.nih.gov/genomes/all/GCF/010/726/085/GCF_010726085.1_ASM1072608v1,Mycolicibacterium_moriokaense,0,1
155611,GCF_010726245.1,1799,1799,Mycolicibacterium aichiense,strain=JCM 6376,Complete Genome,Full,https://ftp.ncbi.nlm.nih.gov/genomes/all/GCF/010/726/245/GCF_010726245.1_ASM1072624v1,Mycolicibacterium_aichiense,0,1
155613,GCF_010726505.1,2492438,2492438,Mycobacterium novum,strain=JCM 6391,Complete Genome,Full,https://ftp.ncbi.nlm.nih.gov/genomes/all/GCF/010/726/505/GCF_010726505.1_ASM1072650v1,Mycobacterium_novum,0,1
155614,GCF_010726645.1,39688,39688,Mycolicibacterium duvalii,strain=JCM 6396,Complete Genome,Full,https://ftp.ncbi.nlm.nih.gov/genomes/all/GCF/010/726/645/GCF_010726645.1_ASM1072664v1,Mycolicibacterium_duvalii,0,1
155615,GCF_010726955.1,1793,1793,Mycolicibacterium fallax,strain=JCM 6405,Complete Genome,Full,https://ftp.ncbi.nlm.nih.gov/genomes/all/GCF/010/726/955/GCF_010726955.1_ASM1072695v1,Mycolicibacterium_fallax,0,1
155616,GCF_010727125.1,1788,1788,Mycolicibacter terrae,strain=JCM 12143,Complete Genome,Full,https://ftp.ncbi.nlm.nih.gov/genomes/all/GCF/010/727/125/GCF_010727125.1_ASM1072712v1,Mycolicibacter_terrae,0,1
155617,GCF_010727325.1,67081,67081,Mycolicibacterium alvei,strain=JCM 12272,Complete Genome,Full,https://ftp.ncbi.nlm.nih.gov/genomes/all/GCF/010/727/325/GCF_010727325.1_ASM1072732v1,Mycolicibacterium_alvei,0,1
155618,GCF_010727475.1,53462,53462,Mycolicibacterium mageritense,strain=JCM 12375,Complete Genome,Full,https://ftp.ncbi.nlm.nih.gov/genomes/all/GCF/010/727/475/GCF_010727475.1_ASM1072747v1,Mycolicibacterium_mageritense,0,1
155619,GCF_010727605.1,1784,1784,Mycobacterium simiae,strain=JCM 12377,Complete Genome,Full,https://ftp.ncbi.nlm.nih.gov/genomes/all/GCF/010/727/605/GCF_010727605.1_ASM1072760v1,Mycobacterium_simiae,0,1
155620,GCF_010727725.1,1792,1792,Mycolicibacterium chitae,strain=JCM 12403,Complete Genome,Full,https://ftp.ncbi.nlm.nih.gov/genomes/all/GCF/010/727/725/GCF_010727725.1_ASM1072772v1,Mycolicibacterium_chitae,0,1
155621,GCF_010727945.1,1775,1775,Mycobacterium cookii,strain=JCM 12404,Complete Genome,Full,https://ftp.ncbi.nlm.nih.gov/genomes/all/GCF/010/727/945/GCF_010727945.1_ASM1072794v1,Mycobacterium_cookii,0,1
155622,GCF_010728155.1,126673,126673,Mycolicibacterium doricum,strain=JCM 12405,Complete Genome,Full,https://ftp.ncbi.nlm.nih.gov/genomes/all/GCF/010/728/155/GCF_010728155.1_ASM1072815v1,Mycolicibacterium_doricum,0,1
155623,GCF_010728325.1,39694,39694,Mycolicibacterium poriferae,strain=JCM 12603,Complete Genome,Full,https://ftp.ncbi.nlm.nih.gov/genomes/all/GCF/010/728/325/GCF_010728325.1_ASM1072832v1,Mycolicibacterium_poriferae,0,1
155624,GCF_010728525.1,133549,133549,Mycobacterium shottsii,strain=JCM 12657,Complete Genome,Full,https://ftp.ncbi.nlm.nih.gov/genomes/all/GCF/010/728/525/GCF_010728525.1_ASM1072852v1,Mycobacterium_shottsii,0,1
155625,GCF_010728725.1,43348,43348,Mycobacterium branderi,strain=JCM 12687,Complete Genome,Full,https://ftp.ncbi.nlm.nih.gov/genomes/all/GCF/010/728/725/GCF_010728725.1_ASM1072872v1,Mycobacterium_branderi,0,1
155626,GCF_010728925.1,1794,1794,Mycolicibacterium gadium,strain=JCM 12688,Complete Genome,Full,https://ftp.ncbi.nlm.nih.gov/genomes/all/GCF/010/728/925/GCF_010728925.1_ASM1072892v1,Mycolicibacterium_gadium,0,1
155627,GCF_010729105.1,220927,220927,Mycobacterium saskatchewanense,strain=JCM 13016,Complete Genome,Full,https://ftp.ncbi.nlm.nih.gov/genomes/all/GCF/010/729/105/GCF_010729105.1_ASM1072910v1,Mycobacterium_saskatchewanense,0,1
155628,GCF_010729305.1,216929,216929,Mycolicibacterium psychrotolerans,strain=JCM 13323,Complete Genome,Full,https://ftp.ncbi.nlm.nih.gov/genomes/all/GCF/010/729/305/GCF_010729305.1_ASM1072930v1,Mycolicibacterium_psychrotolerans,0,1
155629,GCF_010729485.1,29314,29314,Mycolicibacter hiberniae,strain=JCM 13571,Complete Genome,Full,https://ftp.ncbi.nlm.nih.gov/genomes/all/GCF/010/729/485/GCF_010729485.1_ASM1072948v1,Mycolicibacter_hiberniae,0,1
155630,GCF_010729665.1,212765,212765,Mycolicibacterium madagascariense,strain=JCM 13574,Complete Genome,Full,https://ftp.ncbi.nlm.nih.gov/genomes/all/GCF/010/729/665/GCF_010729665.1_ASM1072966v1,Mycolicibacterium_madagascariense,0,1
155631,GCF_010729895.1,28047,28047,Mycolicibacterium confluentis,strain=JCM 13671,Complete Genome,Full,https://ftp.ncbi.nlm.nih.gov/genomes/all/GCF/010/729/895/GCF_010729895.1_ASM1072989v1,Mycolicibacterium_confluentis,0,1
155632,GCF_010730055.1,398694,398694,Mycobacterium shinjukuense,strain=JCM 14233,Complete Genome,Full,https://ftp.ncbi.nlm.nih.gov/genomes/all/GCF/010/730/055/GCF_010730055.1_ASM1073005v1,Mycobacterium_shinjukuense,0,1
155633,GCF_010730195.1,44010,44010,Mycobacterium conspicuum,strain=JCM 14738,Complete Genome,Full,https://ftp.ncbi.nlm.nih.gov/genomes/all/GCF/010/730/195/GCF_010730195.1_ASM1073019v1,Mycobacterium_conspicuum,0,1
155634,GCF_010730355.1,292462,292462,Mycobacterium florentinum,strain=JCM 14740,Complete Genome,Full,https://ftp.ncbi.nlm.nih.gov/genomes/all/GCF/010/730/355/GCF_010730355.1_ASM1073035v1,Mycobacterium_florentinum,0,1
155635,GCF_010730575.1,185642,185642,Mycobacterium parmense,strain=JCM 14742,Complete Genome,Full,https://ftp.ncbi.nlm.nih.gov/genomes/all/GCF/010/730/575/GCF_010730575.1_ASM1073057v1,Mycobacterium_parmense,0,1
155636,GCF_010730745.1,53376,53376,Mycobacterium heidelbergense,strain=JCM 14842,Complete Genome,Full,https://ftp.ncbi.nlm.nih.gov/genomes/all/GCF/010/730/745/GCF_010730745.1_ASM1073074v1,Mycobacterium_heidelbergense,0,1
155637,GCF_010731115.1,319706,319706,Mycolicibacterium phocaicum,strain=JCM 15301,Complete Genome,Full,https://ftp.ncbi.nlm.nih.gov/genomes/all/GCF/010/731/115/GCF_010731115.1_ASM1073111v1,Mycolicibacterium_phocaicum,0,1
155638,GCF_010731295.1,146017,146017,Mycolicibacterium boenickei,strain=JCM 15653,Complete Genome,Full,https://ftp.ncbi.nlm.nih.gov/genomes/all/GCF/010/731/295/GCF_010731295.1_ASM1073129v1,Mycolicibacterium_boenickei,0,1
155639,GCF_010731535.1,169765,169765,Mycobacterium lacus,strain=JCM 15657,Complete Genome,Full,https://ftp.ncbi.nlm.nih.gov/genomes/all/GCF/010/731/535/GCF_010731535.1_ASM1073153v1,Mycobacterium_lacus,0,1
155641,GCF_010731595.1,386911,386911,Mycobacterium seoulense,strain=JCM 16018,Complete Genome,Full,https://ftp.ncbi.nlm.nih.gov/genomes/all/GCF/010/731/595/GCF_010731595.1_ASM1073159v1,Mycobacterium_seoulense,0,1
155642,GCF_010731615.1,444597,444597,Mycolicibacterium insubricum,strain=JCM 16366,Complete Genome,Full,https://ftp.ncbi.nlm.nih.gov/genomes/all/GCF/010/731/615/GCF_010731615.1_ASM1073161v1,Mycolicibacterium_insubricum,0,1
155643,GCF_010731635.1,459858,459858,Mycobacterium noviomagense,strain=JCM 16367,Complete Genome,Full,https://ftp.ncbi.nlm.nih.gov/genomes/all/GCF/010/731/635/GCF_010731635.1_ASM1073163v1,Mycobacterium_noviomagense,0,1
155644,GCF_010731655.1,590652,590652,Mycobacterium paraseoulense,strain=JCM 16952,Complete Genome,Full,https://ftp.ncbi.nlm.nih.gov/genomes/all/GCF/010/731/655/GCF_010731655.1_ASM1073165v1,Mycobacterium_paraseoulense,0,1
155646,GCF_010731695.1,758802,758802,Mycolicibacterium litorale,strain=JCM 17423,Complete Genome,Full,https://ftp.ncbi.nlm.nih.gov/genomes/all/GCF/010/731/695/GCF_010731695.1_ASM1073169v1,Mycolicibacterium_litorale,0,1
155647,GCF_010731715.1,470076,470076,Mycobacterium stomatepiae,strain=JCM 17783,Complete Genome,Full,https://ftp.ncbi.nlm.nih.gov/genomes/all/GCF/010/731/715/GCF_010731715.1_ASM1073171v1,Mycobacterium_stomatepiae,0,1
155648,GCF_010731735.1,1286180,1286180,Mycolicibacterium sediminis,strain=JCM 17899,Complete Genome,Full,https://ftp.ncbi.nlm.nih.gov/genomes/all/GCF/010/731/735/GCF_010731735.1_ASM1073173v1,Mycolicibacterium_sediminis,0,1
155649,GCF_010731755.1,1118379,1118379,Mycolicibacter minnesotensis,strain=JCM 17932,Complete Genome,Full,https://ftp.ncbi.nlm.nih.gov/genomes/all/GCF/010/731/755/GCF_010731755.1_ASM1073175v1,Mycolicibacter_minnesotensis,0,1
155650,GCF_010731775.1,560555,560555,Mycobacterium mantenii,strain=JCM 18113,Complete Genome,Full,https://ftp.ncbi.nlm.nih.gov/genomes/all/GCF/010/731/775/GCF_010731775.1_ASM1073177v1,Mycobacterium_mantenii,0,1
155651,GCF_010731795.1,1249101,1249101,Mycolicibacterium celeriflavum,strain=JCM 18439,Complete Genome,Full,https://ftp.ncbi.nlm.nih.gov/genomes/all/GCF/010/731/795/GCF_010731795.1_ASM1073179v1,Mycolicibacterium_celeriflavum,0,1
155652,GCF_010731815.2,1286181,1286181,Mycolicibacterium arabiense,strain=JCM 18538,Complete Genome,Full,https://ftp.ncbi.nlm.nih.gov/genomes/all/GCF/010/731/815/GCF_010731815.2_ASM1073181v2,Mycolicibacterium_arabiense,0,1
155653,GCF_010731835.1,1069220,1069220,Mycolicibacillus koreensis,strain=JCM 19956,Complete Genome,Full,https://ftp.ncbi.nlm.nih.gov/genomes/all/GCF/010/731/835/GCF_010731835.1_ASM1073183v1,Mycolicibacillus_koreensis,0,1
155654,GCF_010731855.1,1431246,1431246,Mycolicibacterium anyangense,strain=JCM 30275,Complete Genome,Full,https://ftp.ncbi.nlm.nih.gov/genomes/all/GCF/010/731/855/GCF_010731855.1_ASM1073185v1,Mycolicibacterium_anyangense,0,1
155655,GCF_010731875.1,1534348,1534348,Mycolicibacterium sarraceniae,strain=JCM 30395,Complete Genome,Full,https://ftp.ncbi.nlm.nih.gov/genomes/all/GCF/010/731/875/GCF_010731875.1_ASM1073187v1,Mycolicibacterium_sarraceniae,0,1
155656,GCF_010731895.1,1534349,1534349,Mycolicibacterium helvum,strain=JCM 30396,Complete Genome,Full,https://ftp.ncbi.nlm.nih.gov/genomes/all/GCF/010/731/895/GCF_010731895.1_ASM1073189v1,Mycolicibacterium_helvum,0,1
166301,GCF_013466425.1,1719132,1719132,Mycobacterium vicinigordonae,strain=24,Complete Genome,Full,https://ftp.ncbi.nlm.nih.gov/genomes/all/GCF/013/466/425/GCF_013466425.1_ASM1346642v1,Mycobacterium_vicinigordonae,0,1
178548,GCF_015689175.1,120959,120959,Mycobacterium kubicae,strain=JCM 13573,Complete Genome,Full,https://ftp.ncbi.nlm.nih.gov/genomes/all/GCF/015/689/175/GCF_015689175.1_ASM1568917v1,Mycobacterium_kubicae,0,1
178968,GCF_015710575.1,2736649,2736649,Mycolicibacterium mengxianglii,strain=Z-34,Complete Genome,Full,https://ftp.ncbi.nlm.nih.gov/genomes/all/GCF/015/710/575/GCF_015710575.1_ASM1571057v2,Mycolicibacterium_mengxianglii,0,1
180925,GCF_016313185.1,2761578,2761578,Mycolicibacterium baixiangningiae,strain=LJ126,Complete Genome,Full,https://ftp.ncbi.nlm.nih.gov/genomes/all/GCF/016/313/185/GCF_016313185.1_ASM1631318v1,Mycolicibacterium_baixiangningiae,0,1
182399,GCF_016592155.1,110505,110505,Mycobacterium heckeshornense,strain=JCM 15655,Complete Genome,Full,https://ftp.ncbi.nlm.nih.gov/genomes/all/GCF/016/592/155/GCF_016592155.1_ASM1659215v1,Mycobacterium_heckeshornense,0,1
186748,GCF_017086405.1,1778,1778,Mycobacterium gordonae,strain=X7091,Complete Genome,Full,https://ftp.ncbi.nlm.nih.gov/genomes/all/GCF/017/086/405/GCF_017086405.1_ASM1708640v1,Mycobacterium_gordonae,0,1
192542,GCF_018278905.1,886343,886343,Mycobacterium spongiae,strain=FSD4b-SM,Complete Genome,Full,https://ftp.ncbi.nlm.nih.gov/genomes/all/GCF/018/278/905/GCF_018278905.1_ASM1827890v1,Mycobacterium_spongiae,0,1
202327,GCF_019456655.1,1801,1801,Mycolicibacterium diernhoferi,strain=ATCC 19340,Complete Genome,Full,https://ftp.ncbi.nlm.nih.gov/genomes/all/GCF/019/456/655/GCF_019456655.1_ASM1945665v1,Mycolicibacterium_diernhoferi,0,1
202328,GCF_019456675.1,370524,370524,Mycolicibacterium pallens,strain=JCM 16370,Complete Genome,Full,https://ftp.ncbi.nlm.nih.gov/genomes/all/GCF/019/456/675/GCF_019456675.1_ASM1945667v1,Mycolicibacterium_pallens,0,1
202998,GCF_019645815.1,512402,512402,Mycolicibacter heraklionensis,strain=JCM 30995,Complete Genome,Full,https://ftp.ncbi.nlm.nih.gov/genomes/all/GCF/019/645/815/GCF_019645815.1_ASM1964581v1,Mycolicibacter_heraklionensis,0,1
202999,GCF_019645835.1,1226752,152142,Mycolicibacterium holsaticum DSM 44478 = JCM 12374,strain=JCM 12374,Complete Genome,Full,https://ftp.ncbi.nlm.nih.gov/genomes/all/GCF/019/645/835/GCF_019645835.1_ASM1964583v1,Mycolicibacterium_holsaticum,0,1
203000,GCF_019645855.1,1780,1780,Mycobacterium malmoense,strain=ATCC 29571,Complete Genome,Full,https://ftp.ncbi.nlm.nih.gov/genomes/all/GCF/019/645/855/GCF_019645855.1_ASM1964585v1,Mycobacterium_malmoense,0,1
203001,GCF_019645875.1,1796,1796,Mycolicibacterium senegalense,strain=ATCC 35796,Complete Genome,Full,https://ftp.ncbi.nlm.nih.gov/genomes/all/GCF/019/645/875/GCF_019645875.1_ASM1964587v1,Mycolicibacterium_senegalense,0,1
203992,GCF_019739075.1,1802,1802,Mycolicibacterium farcinogenes,strain=BKK/CU-MFGFA-001,Complete Genome,Full,https://ftp.ncbi.nlm.nih.gov/genomes/all/GCF/019/739/075/GCF_019739075.1_ASM1973907v1,Mycolicibacterium_farcinogenes,0,1
214136,GCF_021183725.1,2738409,2738409,Mycobacterium ostraviense,strain=FDAARGOS_1613,Complete Genome,Full,https://ftp.ncbi.nlm.nih.gov/genomes/all/GCF/021/183/725/GCF_021183725.1_ASM2118372v1,Mycobacterium_ostraviense,0,1
220511,GCF_022370635.2,388459,388459,Mycolicibacterium crocinum,strain=JCM 16369,Complete Genome,Full,https://ftp.ncbi.nlm.nih.gov/genomes/all/GCF/022/370/635/GCF_022370635.2_ASM2237063v3,Mycolicibacterium_crocinum,0,1
220512,GCF_022370755.2,134601,134601,Mycolicibacterium goodii,strain=ATCC 700504,Complete Genome,Full,https://ftp.ncbi.nlm.nih.gov/genomes/all/GCF/022/370/755/GCF_022370755.2_ASM2237075v2,Mycolicibacterium_goodii,0,1
220513,GCF_022370835.2,1069221,1069221,Mycolicibacillus parakoreensis,strain=DSM 45575,Complete Genome,Full,https://ftp.ncbi.nlm.nih.gov/genomes/all/GCF/022/370/835/GCF_022370835.2_ASM2237083v2,Mycolicibacillus_parakoreensis,0,1
220519,GCF_022374875.2,318424,318424,Mycolicibacterium rufum,strain=JCM 16372,Complete Genome,Full,https://ftp.ncbi.nlm.nih.gov/genomes/all/GCF/022/374/875/GCF_022374875.2_ASM2237487v3,Mycolicibacterium_rufum,0,1
220520,GCF_022374895.2,141349,141349,Mycobacterium lentiflavum,strain=ATCC 51985,Complete Genome,Full,https://ftp.ncbi.nlm.nih.gov/genomes/all/GCF/022/374/895/GCF_022374895.2_ASM2237489v2,Mycobacterium_lentiflavum,0,1
220522,GCF_022374935.2,1795032,1795032,Mycolicibacter virginiensis,strain=DSM 100883,Complete Genome,Full,https://ftp.ncbi.nlm.nih.gov/genomes/all/GCF/022/374/935/GCF_022374935.2_ASM2237493v2,Mycolicibacter_virginiensis,0,1
221461,GCF_022430545.2,577492,577492,Mycobacterium paraterrae,strain=DSM 45127,Complete Genome,Full,https://ftp.ncbi.nlm.nih.gov/genomes/all/GCF/022/430/545/GCF_022430545.2_ASM2243054v2,Mycobacterium_paraterrae,0,1
241966,GCF_025215495.1,85968,85968,Mycolicibacterium brumae,strain=ATCC 51384,Complete Genome,Full,https://ftp.ncbi.nlm.nih.gov/genomes/all/GCF/025/215/495/GCF_025215495.1_ASM2521549v1,Mycolicibacterium_brumae,0,1
266196,GCF_029854255.1,319707,319707,Mycolicibacterium aubagnense,strain=HPB1.1,Complete Genome,Full,https://ftp.ncbi.nlm.nih.gov/genomes/all/GCF/029/854/255/GCF_029854255.1_ASM2985425v1,Mycolicibacterium_aubagnense,0,1
282240,GCF_900187065.1,1797,1797,Mycolicibacterium thermoresistibile,strain=NCTC10409,Complete Genome,Full,https://ftp.ncbi.nlm.nih.gov/genomes/all/GCF/900/187/065/GCF_900187065.1_50465_H02,Mycolicibacterium_thermoresistibile,0,1
284586,GCF_900292015.1,2094119,2094119,Mycobacterium basiliense,,Complete Genome,Full,https://ftp.ncbi.nlm.nih.gov/genomes/all/GCF/900/292/015/GCF_900292015.1_MB901379,Mycobacterium_basiliense,0,1
292444,GCF_900603025.1,1122247,46351,Mycolicibacterium hassiacum DSM 44199,,Complete Genome,Full,https://ftp.ncbi.nlm.nih.gov/genomes/all/GCF/900/603/025/GCF_900603025.1_MHAS,Mycolicibacterium_hassiacum,0,1
292884,GCF_900637195.1,1791,1791,Mycolicibacterium aurum,strain=NCTC10437,Complete Genome,Full,https://ftp.ncbi.nlm.nih.gov/genomes/all/GCF/900/637/195/GCF_900637195.1_50279_F01,Mycolicibacterium_aurum,0,1
119540,GCF_003855255.1,2487344,2487344,Mycolicibacterium nivoides,strain=DL90,Chromosome,Full,https://ftp.ncbi.nlm.nih.gov/genomes/all/GCF/003/855/255/GCF_003855255.1_ASM385525v1,Mycolicibacterium_nivoides,1,1
158740,GCF_012223425.1,117567,117567,Mycobacterium frederiksbergense,strain=LB 501T,Chromosome,Full,https://ftp.ncbi.nlm.nih.gov/genomes/all/GCF/012/223/425/GCF_012223425.1_ASM1222342v1,Mycobacterium_frederiksbergense,1,1
170056,GCF_014295435.1,258505,258505,Mycolicibacterium fluoranthenivorans,strain=2A,Chromosome,Full,https://ftp.ncbi.nlm.nih.gov/genomes/all/GCF/014/295/435/GCF_014295435.1_ASM1429543v1,Mycolicibacterium_fluoranthenivorans,1,1
185551,GCF_016864455.1,486698,486698,Mycobacterium riyadhense,strain=NTM,Chromosome,Full,https://ftp.ncbi.nlm.nih.gov/genomes/all/GCF/016/864/455/GCF_016864455.1_ASM1686445v1,Mycobacterium_riyadhense,1,1
186376,GCF_016919345.1,98668,98668,Mycolicibacterium septicum,strain=PDNC012,Chromosome,Full,https://ftp.ncbi.nlm.nih.gov/genomes/all/GCF/016/919/345/GCF_016919345.1_ASM1691934v1,Mycolicibacterium_septicum,1,1
186387,GCF_016919645.1,39687,39687,Mycolicibacterium austroafricanum,strain=MYC221,Chromosome,Full,https://ftp.ncbi.nlm.nih.gov/genomes/all/GCF/016/919/645/GCF_016919645.1_ASM1691964v1,Mycolicibacterium_austroafricanum,1,1
203235,GCF_019668465.1,2775496,2775496,Mycobacterium senriense,strain=TY59,Chromosome,Full,https://ftp.ncbi.nlm.nih.gov/genomes/all/GCF/019/668/465/GCF_019668465.1_ASM1966846v1,Mycobacterium_senriense,1,1
276333,GCF_900108565.1,370526,370526,Mycolicibacterium rutilum,strain=DSM 45405,Chromosome,Full,https://ftp.ncbi.nlm.nih.gov/genomes/all/GCF/900/108/565/GCF_900108565.1_IMG-taxon_2636415969_annotated_assembly,Mycolicibacterium_rutilum,1,1
57815,GCF_001570465.1,144550,1766,Mycolicibacterium fortuitum subsp. acetamidolyticum,strain=JCM6368,Scaffold,Full,https://ftp.ncbi.nlm.nih.gov/genomes/all/GCF/001/570/465/GCF_001570465.1_ASM157046v1,Mycolicibacterium_acetamidolyticum,2,0
1902,GCF_000164135.1,525368,240125,Mycobacterium parascrofulaceum ATCC BAA-614,strain=ATCC BAA-614,Scaffold,Full,https://ftp.ncbi.nlm.nih.gov/genomes/all/GCF/000/164/135/GCF_000164135.1_ASM16413v1,Mycobacterium_parascrofulaceum,2,1
3934,GCF_000233935.1,451644,451644,Mycolicibacterium conceptionense,strain=JR2009,Contig,Full,https://ftp.ncbi.nlm.nih.gov/genomes/all/GCF/000/233/935/GCF_000233935.1_Mfort_1.0,Mycolicibacterium_conceptionense,2,1
4287,GCF_000243415.2,710687,75922,Mycolicibacterium tusciae JS617,strain=JS617,Scaffold,Full,https://ftp.ncbi.nlm.nih.gov/genomes/all/GCF/000/243/415/GCF_000243415.2_ASM24341v3,Mycolicibacterium_tusciae,2,1
12443,GCF_000455165.1,1370125,912594,Mycolicibacterium iranicum UM_TJL,strain=UM_TJL,Scaffold,Full,https://ftp.ncbi.nlm.nih.gov/genomes/all/GCF/000/455/165/GCF_000455165.1_Mycobacterium_iranicum_UM_TJL,Mycolicibacterium_iranicum,2,1
15007,GCF_000526915.1,1408452,36812,Mycobacterium genavense ATCC 51234,strain=ATCC 51234,Contig,Full,https://ftp.ncbi.nlm.nih.gov/genomes/all/GCF/000/526/915/GCF_000526915.1_ASM52691v1,Mycobacterium_genavense,2,1
16566,GCF_000559085.1,1440774,318425,Mycolicibacterium aromaticivorans JS19b1 = JCM 16368,strain=JS19b1,Contig,Full,https://ftp.ncbi.nlm.nih.gov/genomes/all/GCF/000/559/085/GCF_000559085.1_ASM55908v2,Mycolicibacterium_aromaticivorans,2,1
19069,GCF_000613185.1,258533,258533,Mycolicibacterium cosmeticum,strain=DSM 44829,Contig,Full,https://ftp.ncbi.nlm.nih.gov/genomes/all/GCF/000/613/185/GCF_000613185.1_PRJEB5748_assembly_1,Mycolicibacterium_cosmeticum,2,1
19072,GCF_000613245.1,1265310,1790,Mycobacterium asiaticum DSM 44297,strain=DSM 44297,Scaffold,Full,https://ftp.ncbi.nlm.nih.gov/genomes/all/GCF/000/613/245/GCF_000613245.1_PRJEB5743_assembly_1,Mycobacterium_asiaticum,2,1
22585,GCF_000689255.1,47839,47839,Mycobacterium triplex,strain=DSM 44626,Scaffold,Full,https://ftp.ncbi.nlm.nih.gov/genomes/all/GCF/000/689/255/GCF_000689255.1_BN973_1,Mycobacterium_triplex,2,1
25293,GCF_000759695.1,487514,487514,Mycobacterium kyorinense,strain=KUM 060204,Contig,Full,https://ftp.ncbi.nlm.nih.gov/genomes/all/GCF/000/759/695/GCF_000759695.1_ASM75969v1,Mycobacterium_kyorinense,2,1
27168,GCF_000805375.1,431269,431269,Mycolicibacterium setense,strain=Manresensis,Contig,Full,https://ftp.ncbi.nlm.nih.gov/genomes/all/GCF/000/805/375/GCF_000805375.1_ASM80537v1,Mycolicibacterium_setense,2,1
30281,GCF_000878195.1,280871,280871,Mycolicibacterium llatzerense,strain=CLUC14,Contig,Full,https://ftp.ncbi.nlm.nih.gov/genomes/all/GCF/000/878/195/GCF_000878195.1_ASM87819v1,Mycolicibacterium_llatzerense,2,1
34329,GCF_000970875.1,244292,244292,Mycobacterium nebraskense,strain=AKUC1,Contig,Full,https://ftp.ncbi.nlm.nih.gov/genomes/all/GCF/000/970/875/GCF_000970875.1_ASM97087v1,Mycobacterium_nebraskense,2,1
34330,GCF_000970885.2,342002,342002,Mycolicibacter arupensis,strain=GUC1,Contig,Full,https://ftp.ncbi.nlm.nih.gov/genomes/all/GCF/000/970/885/GCF_000970885.2_ASM97088v2,Mycolicibacter_arupensis,2,1
34493,GCF_000974705.1,28045,28045,Mycobacterium celatum,strain=ATCC 51131,Contig,Full,https://ftp.ncbi.nlm.nih.gov/genomes/all/GCF/000/974/705/GCF_000974705.1_ASM97470v1,Mycobacterium_celatum,2,1
34502,GCF_000974925.2,1807,1807,Mycolicibacterium obuense,strain=UC1,Scaffold,Full,https://ftp.ncbi.nlm.nih.gov/genomes/all/GCF/000/974/925/GCF_000974925.2_ASM97492v2,Mycolicibacterium_obuense,2,1
34785,GCF_001005175.1,81858,81858,Mycolicibacterium elephantis,strain=Lipa,Contig,Full,https://ftp.ncbi.nlm.nih.gov/genomes/all/GCF/001/005/175/GCF_001005175.1_ASM100517v1,Mycolicibacterium_elephantis,2,1
36376,GCF_001044235.1,37916,37916,Mycolicibacterium chlorophenolicum,strain=DSM 43826,Scaffold,Full,https://ftp.ncbi.nlm.nih.gov/genomes/all/GCF/001/044/235/GCF_001044235.1_ASM104423v1,Mycolicibacterium_chlorophenolicum,2,1
36552,GCF_001050015.1,1566886,1566886,Mycolicibacterium malmesburyense,strain=WCM 7299,Scaffold,Full,https://ftp.ncbi.nlm.nih.gov/genomes/all/GCF/001/050/015/GCF_001050015.1_Mycobacterium_malmesburii_WCM_7299,Mycolicibacterium_malmesburyense,2,1
36553,GCF_001050035.1,1566885,1566885,Mycolicibacterium komanii,strain=GPK 1020,Contig,Full,https://ftp.ncbi.nlm.nih.gov/genomes/all/GCF/001/050/035/GCF_001050035.1_Mycobacterium_komanii_GPK_1020,Mycolicibacterium_komanii,2,1
36692,GCF_001053185.1,1236609,56425,Mycobacterium bohemicum DSM 44277,strain=DSM 44277,Scaffold,Full,https://ftp.ncbi.nlm.nih.gov/genomes/all/GCF/001/053/185/GCF_001053185.1_PRJEB5741_assembly_1,Mycobacterium_bohemicum,2,1
44945,GCF_001245615.1,146018,146018,Mycolicibacterium neworleansense,strain=ATCC 49404T,Contig,Full,https://ftp.ncbi.nlm.nih.gov/genomes/all/GCF/001/245/615/GCF_001245615.1_Mycobacterium_neworleansense_assembly_1,Mycolicibacterium_neworleansense,2,1
49742,GCF_001373515.1,761804,761804,Mycobacterium europaeum,strain=CSUR P1344,Contig,Full,https://ftp.ncbi.nlm.nih.gov/genomes/all/GCF/001/373/515/GCF_001373515.1_PRJEB8464_assembly_1,Mycobacterium_europaeum,2,1
51153,GCF_001403655.1,43304,43304,Mycolicibacterium peregrinum,strain=CSUR P2098,Scaffold,Full,https://ftp.ncbi.nlm.nih.gov/genomes/all/GCF/001/403/655/GCF_001403655.1_Mycobacterium_peregrinum,Mycolicibacterium_peregrinum,2,1
55023,GCF_001499825.1,59813,59813,Mycolicibacterium novocastrense,strain=GA-2617,Contig,Full,https://ftp.ncbi.nlm.nih.gov/genomes/all/GCF/001/499/825/GCF_001499825.1_ASM149982v1,Mycolicibacterium_novocastrense,2,1
55027,GCF_001499925.1,2048550,2048550,Mycobacterium lehmannii,strain=IS-1744,Contig,Full,https://ftp.ncbi.nlm.nih.gov/genomes/all/GCF/001/499/925/GCF_001499925.1_ASM149992v1,Mycobacterium_lehmannii,2,1
56876,GCF_001545135.1,59750,59750,Mycolicibacterium wolinskyi,strain=CDC_01,Contig,Full,https://ftp.ncbi.nlm.nih.gov/genomes/all/GCF/001/545/135/GCF_001545135.1_ASM154513v1,Mycolicibacterium_wolinskyi,2,1
57813,GCF_001570425.1,146020,146020,Mycolicibacterium brisbanense,strain=JCM15654,Scaffold,Full,https://ftp.ncbi.nlm.nih.gov/genomes/all/GCF/001/570/425/GCF_001570425.1_ASM157042v1,Mycolicibacterium_brisbanense,2,1
57814,GCF_001570445.1,228230,228230,Mycolicibacterium canariasense,strain=JCM15298,Scaffold,Full,https://ftp.ncbi.nlm.nih.gov/genomes/all/GCF/001/570/445/GCF_001570445.1_ASM157044v1,Mycolicibacterium_canariasense,2,1
60106,GCF_001632975.1,1487726,1487726,Mycobacterium persicum,strain=1010001469,Scaffold,Full,https://ftp.ncbi.nlm.nih.gov/genomes/all/GCF/001/632/975/GCF_001632975.1_Mkan_typeII_1.0,Mycobacterium_persicum,2,1
61473,GCF_001666815.1,324058,324058,Mycobacterium alsense,strain=E2978,Contig,Full,https://ftp.ncbi.nlm.nih.gov/genomes/all/GCF/001/666/815/GCF_001666815.1_ASM166681v1,Mycobacterium_alsense,2,1
61520,GCF_001667885.1,1783,1783,Mycobacterium scrofulaceum,strain=E3039,Contig,Full,https://ftp.ncbi.nlm.nih.gov/genomes/all/GCF/001/667/885/GCF_001667885.1_ASM166788v1,Mycobacterium_scrofulaceum,2,1
61963,GCF_001679965.1,354243,354243,Mycolicibacter kumamotonensis,strain=Roo,Scaffold,Full,https://ftp.ncbi.nlm.nih.gov/genomes/all/GCF/001/679/965/GCF_001679965.1_ASM167996v1,Mycolicibacter_kumamotonensis,2,1
63632,GCF_001722325.1,243061,243061,Mycobacterium sherrisii,strain=BC1_M4,Scaffold,Full,https://ftp.ncbi.nlm.nih.gov/genomes/all/GCF/001/722/325/GCF_001722325.1_ASM172232v1,Mycobacterium_sherrisii,2,1
63633,GCF_001722335.1,1776,1776,Mycolicibacterium flavescens,strain=M6,Scaffold,Full,https://ftp.ncbi.nlm.nih.gov/genomes/all/GCF/001/722/335/GCF_001722335.1_ASM172233v1,Mycolicibacterium_flavescens,2,1
63634,GCF_001722345.1,28445,28445,Mycobacterium intermedium,strain=HMC2_M5,Scaffold,Full,https://ftp.ncbi.nlm.nih.gov/genomes/all/GCF/001/722/345/GCF_001722345.1_ASM172234v1,Mycobacterium_intermedium,2,1
63637,GCF_001722445.1,29313,29313,Mycobacterium shimoidei,strain=HMC_M2,Contig,Full,https://ftp.ncbi.nlm.nih.gov/genomes/all/GCF/001/722/445/GCF_001722445.1_ASM172244v1,Mycobacterium_shimoidei,2,1
66781,GCF_001853525.1,1908205,1908205,Mycobacterium syngnathidarum,strain=24999,Contig,Full,https://ftp.ncbi.nlm.nih.gov/genomes/all/GCF/001/853/525/GCF_001853525.1_ASM185352v1,Mycobacterium_syngnathidarum,2,1
66795,GCF_001853795.1,948102,948102,Mycobacteroides franklinii,strain=1559,Contig,Full,https://ftp.ncbi.nlm.nih.gov/genomes/all/GCF/001/853/795/GCF_001853795.1_ASM185379v1,Mycobacteroides_franklinii,2,1
66827,GCF_001854525.1,1858794,1858794,Mycobacterium talmoniae,strain=MO-5499,Scaffold,Full,https://ftp.ncbi.nlm.nih.gov/genomes/all/GCF/001/854/525/GCF_001854525.1_ASM185452v1,Mycobacterium_talmoniae,2,1
68847,GCF_001907675.1,53378,53378,Mycobacterium paraffinicum,strain=M11,Scaffold,Full,https://ftp.ncbi.nlm.nih.gov/genomes/all/GCF/001/907/675/GCF_001907675.1_ASM190767v1,Mycobacterium_paraffinicum,2,1
76121,GCF_002086115.1,564198,564198,Mycolicibacterium bacteremicum,strain=DSM 45578,Contig,Full,https://ftp.ncbi.nlm.nih.gov/genomes/all/GCF/002/086/115/GCF_002086115.1_ASM208611v1,Mycolicibacterium_bacteremicum,2,1
76122,GCF_002086125.1,1265311,425468,Mycobacterium arosiense ATCC BAA-1401 = DSM 45069,strain=DSM 45069,Contig,Full,https://ftp.ncbi.nlm.nih.gov/genomes/all/GCF/002/086/125/GCF_002086125.1_ASM208612v1,Mycobacterium_arosiense,2,1
76123,GCF_002086155.1,470074,470074,Mycobacterium angelicum,strain=DSM 45057,Contig,Full,https://ftp.ncbi.nlm.nih.gov/genomes/all/GCF/002/086/155/GCF_002086155.1_ASM208615v1,Mycobacterium_angelicum,2,1
76124,GCF_002086165.1,701041,701041,Mycobacterium bouchedurhonense,strain=DSM 45439,Contig,Full,https://ftp.ncbi.nlm.nih.gov/genomes/all/GCF/002/086/165/GCF_002086165.1_ASM208616v1,Mycobacterium_bouchedurhonense,2,1
76138,GCF_002086455.1,723879,1288388,Mycolicibacter algericus DSM 45454,strain=DSM 45454,Contig,Full,https://ftp.ncbi.nlm.nih.gov/genomes/all/GCF/002/086/455/GCF_002086455.1_ASM208645v1,Mycolicibacter_algericus,2,1
76140,GCF_002086485.1,1927124,1927124,Mycobacterium aquaticum,strain=RW6,Contig,Full,https://ftp.ncbi.nlm.nih.gov/genomes/all/GCF/002/086/485/GCF_002086485.1_ASM208648v1,Mycobacterium_aquaticum,2,1
76154,GCF_002086775.1,701043,701043,Mycobacterium timonense,strain=CCUG 56329,Contig,Full,https://ftp.ncbi.nlm.nih.gov/genomes/all/GCF/002/086/775/GCF_002086775.1_ASM208677v1,Mycobacterium_timonense,2,1
76828,GCF_002101585.1,188915,188915,Mycolicibacter engbaekii,strain=ATCC 27353,Contig,Full,https://ftp.ncbi.nlm.nih.gov/genomes/all/GCF/002/101/585/GCF_002101585.1_ASM210158v1,Mycolicibacter_engbaekii,2,1
76837,GCF_002101775.1,1782,1782,Mycolicibacter nonchromogenicus,strain=DSM 44164,Contig,Full,https://ftp.ncbi.nlm.nih.gov/genomes/all/GCF/002/101/775/GCF_002101775.1_ASM210177v1,Mycolicibacter_nonchromogenicus,2,1
76838,GCF_002101785.1,153971,153971,Mycobacterium palustre,strain=DSM 44572,Contig,Full,https://ftp.ncbi.nlm.nih.gov/genomes/all/GCF/002/101/785/GCF_002101785.1_ASM210178v1,Mycobacterium_palustre,2,1
76839,GCF_002101815.1,767916,767916,Mycobacterium paraense,strain=IEC26,Contig,Full,https://ftp.ncbi.nlm.nih.gov/genomes/all/GCF/002/101/815/GCF_002101815.1_ASM210181v1,Mycobacterium_paraense,2,1
76843,GCF_002101885.1,386913,386913,Mycolicibacter senuensis,strain=DSM 44999,Contig,Full,https://ftp.ncbi.nlm.nih.gov/genomes/all/GCF/002/101/885/GCF_002101885.1_ASM210188v1,Mycolicibacter_senuensis,2,1
76856,GCF_002102175.1,1777,1777,Mycobacterium gastri,strain=DSM 43505,Contig,Full,https://ftp.ncbi.nlm.nih.gov/genomes/all/GCF/002/102/175/GCF_002102175.1_ASM210217v1,Mycobacterium_gastri,2,1
76857,GCF_002102185.1,1260918,1260918,Mycobacterium fragae,strain=DSM 45731,Contig,Full,https://ftp.ncbi.nlm.nih.gov/genomes/all/GCF/002/102/185/GCF_002102185.1_ASM210218v1,Mycobacterium_fragae,2,1
76860,GCF_002102265.1,1108812,1108812,Mycolicibacter longobardus,strain=DSM 45394,Contig,Full,https://ftp.ncbi.nlm.nih.gov/genomes/all/GCF/002/102/265/GCF_002102265.1_ASM210226v1,Mycolicibacter_longobardus,2,1
76866,GCF_002102395.1,1798,1798,Mycolicibacillus trivialis,strain=DSM 44153,Contig,Full,https://ftp.ncbi.nlm.nih.gov/genomes/all/GCF/002/102/395/GCF_002102395.1_ASM210239v1,Mycolicibacillus_trivialis,2,1
76949,GCF_002104675.1,1430326,1430326,Mycobacterium decipiens,strain=TBL 1200985,Contig,Full,https://ftp.ncbi.nlm.nih.gov/genomes/all/GCF/002/104/675/GCF_002104675.1_ASM210467v1,Mycobacterium_decipiens,2,1
76953,GCF_002104765.1,547163,547163,Mycolicibacterium vulneris,strain=DSM 45247,Contig,Full,https://ftp.ncbi.nlm.nih.gov/genomes/all/GCF/002/104/765/GCF_002104765.1_ASM210476v1,Mycolicibacterium_vulneris,2,1
77482,GCF_002116635.1,1787,1787,Mycobacterium szulgai,strain=DSM 44166,Contig,Full,https://ftp.ncbi.nlm.nih.gov/genomes/all/GCF/002/116/635/GCF_002116635.1_ASM211663v1,Mycobacterium_szulgai,2,1
82795,GCF_002245615.1,2048551,2048551,Mycobacterium neumannii,strain=CECT 8766,Scaffold,Full,https://ftp.ncbi.nlm.nih.gov/genomes/all/GCF/002/245/615/GCF_002245615.1_ASM224561v1,Mycobacterium_neumannii,2,1
83018,GCF_002250655.1,1786,1786,Mycolicibacterium sphagni,strain=ATCC 33027,Contig,Full,https://ftp.ncbi.nlm.nih.gov/genomes/all/GCF/002/250/655/GCF_002250655.1_ASM225065v1,Mycolicibacterium_sphagni,2,1
88950,GCF_002553505.1,36811,36811,Mycolicibacterium agri,strain=CCUG37673,Contig,Full,https://ftp.ncbi.nlm.nih.gov/genomes/all/GCF/002/553/505/GCF_002553505.1_ASM255350v1,Mycolicibacterium_agri,2,1
90344,GCF_002591975.1,242737,242737,Mycobacterium neglectum,strain=CECT 8778,Contig,Full,https://ftp.ncbi.nlm.nih.gov/genomes/all/GCF/002/591/975/GCF_002591975.1_ASM259197v1,Mycobacterium_neglectum,2,1
90345,GCF_002592005.1,2034511,2034511,Mycobacterium palauense,strain=CECT 8779,Scaffold,Full,https://ftp.ncbi.nlm.nih.gov/genomes/all/GCF/002/592/005/GCF_002592005.1_ASM259200v1,Mycobacterium_palauense,2,1
103897,GCF_003112775.1,154654,154654,Mycobacterium montefiorense,strain=BS,Scaffold,Full,https://ftp.ncbi.nlm.nih.gov/genomes/all/GCF/003/112/775/GCF_003112775.1_ASM311277v1,Mycobacterium_montefiorense,2,1
106552,GCF_003254575.1,2212479,2212479,Mycobacterium kyogaense,strain=NCTC 11659,Contig,Full,https://ftp.ncbi.nlm.nih.gov/genomes/all/GCF/003/254/575/GCF_003254575.1_ASM325457v1,Mycobacterium_kyogaense,2,1
111224,GCF_003408705.1,2162698,2162698,Mycobacterium uberis,strain=Jura,Contig,Full,https://ftp.ncbi.nlm.nih.gov/genomes/all/GCF/003/408/705/GCF_003408705.1_ASM340870v1,Mycobacterium_uberis,2,1
117605,GCF_003719305.1,2358193,2358193,Mycolicibacterium stellerae,strain=CECT 8783,Contig,Full,https://ftp.ncbi.nlm.nih.gov/genomes/all/GCF/003/719/305/GCF_003719305.1_ASM371930v1,Mycolicibacterium_stellerae,2,1
137839,GCF_006439015.1,49897,49897,Mycolicibacterium hodleri,strain=S5.20,Contig,Full,https://ftp.ncbi.nlm.nih.gov/genomes/all/GCF/006/439/015/GCF_006439015.1_ASM643901v1,Mycolicibacterium_hodleri,2,1
140838,GCF_007714185.1,2592811,2592811,Mycobacterium helveticum,strain=17-773,Contig,Full,https://ftp.ncbi.nlm.nih.gov/genomes/all/GCF/007/714/185/GCF_007714185.1_ASM771418v1,Mycobacterium_helveticum,2,1
155594,GCF_010722995.1,182220,182220,Mycolicibacterium murale,strain=JCM 13392,Contig,Full,https://ftp.ncbi.nlm.nih.gov/genomes/all/GCF/010/722/995/GCF_010722995.1_ASM1072299v1,Mycolicibacterium_murale,2,1
155597,GCF_010723305.1,84962,84962,Mycobacterium botniense,strain=JCM 17322,Contig,Full,https://ftp.ncbi.nlm.nih.gov/genomes/all/GCF/010/723/305/GCF_010723305.1_ASM1072330v1,Mycobacterium_botniense,2,1
155600,GCF_010723575.1,1273442,1273442,Mycobacterium bourgelatii,strain=JCM 30725,Contig,Full,https://ftp.ncbi.nlm.nih.gov/genomes/all/GCF/010/723/575/GCF_010723575.1_ASM1072357v1,Mycobacterium_bourgelatii,2,1
155602,GCF_010723735.1,659824,659824,Mycolicibacterium hippocampi,strain=JCM 30996,Contig,Full,https://ftp.ncbi.nlm.nih.gov/genomes/all/GCF/010/723/735/GCF_010723735.1_ASM1072373v1,Mycolicibacterium_hippocampi,2,1
165246,GCF_013404075.1,2736928,2736928,Mycolicibacterium vinylchloridicum,strain=CECT 8761,Contig,Full,https://ftp.ncbi.nlm.nih.gov/genomes/all/GCF/013/404/075/GCF_013404075.1_ASM1340407v1,Mycolicibacterium_vinylchloridicum,2,1
190474,GCF_017876775.1,1641992,1641992,Mycolicibacterium lutetiense,strain=DSM 46713,Contig,Full,https://ftp.ncbi.nlm.nih.gov/genomes/all/GCF/017/876/775/GCF_017876775.1_ASM1787677v1,Mycolicibacterium_lutetiense,2,1
194078,GCF_018455725.1,2835306,2835306,Mycolicibacter acidiphilus,strain=M1,Contig,Full,https://ftp.ncbi.nlm.nih.gov/genomes/all/GCF/018/455/725/GCF_018455725.1_ASM1845572v1,Mycolicibacter_acidiphilus,2,1
203691,GCF_019710635.1,2796469,2796469,Mycolicibacterium xanthum,strain=Y57,Contig,Full,https://ftp.ncbi.nlm.nih.gov/genomes/all/GCF/019/710/635/GCF_019710635.1_ASM1971063v1,Mycolicibacterium_xanthum,2,1
204073,GCF_019751035.1,2341080,2341080,Mycobacterium pseudokansasii,,Contig,Full,https://ftp.ncbi.nlm.nih.gov/genomes/all/GCF/019/751/035/GCF_019751035.1_ASM1975103v1,Mycobacterium_pseudokansasii,2,1
218625,GCF_021916785.1,2895283,2895283,Mycolicibacterium lacusdiani,strain=JXJ CY 35,Scaffold,Full,https://ftp.ncbi.nlm.nih.gov/genomes/all/GCF/021/916/785/GCF_021916785.1_ASM2191678v1,Mycolicibacterium_lacusdiani,2,1
245455,GCF_025821415.1,33895,33895,Mycobacterium interjectum,strain=DSM 44064,Contig,Full,https://ftp.ncbi.nlm.nih.gov/genomes/all/GCF/025/821/415/GCF_025821415.1_ASM2582141v1,Mycobacterium_interjectum,2,1
245465,GCF_025821625.1,187102,187102,Mycolicibacterium pyrenivorans,strain=DSM 44605,Scaffold,Full,https://ftp.ncbi.nlm.nih.gov/genomes/all/GCF/025/821/625/GCF_025821625.1_ASM2582162v1,Mycolicibacterium_pyrenivorans,2,1
245467,GCF_025821665.1,190147,190147,Mycobacterium manitobense,strain=DSM 44615,Scaffold,Full,https://ftp.ncbi.nlm.nih.gov/genomes/all/GCF/025/821/665/GCF_025821665.1_ASM2582166v1,Mycobacterium_manitobense,2,1
245512,GCF_025822555.1,228909,228909,Mycobacterium hackensackense,strain=DSM 44833,Contig,Full,https://ftp.ncbi.nlm.nih.gov/genomes/all/GCF/025/822/555/GCF_025822555.1_ASM2582255v1,Mycobacterium_hackensackense,2,1
245514,GCF_025822605.1,1779,1779,Mycolicibacterium komossense,strain=DSM 44078,Scaffold,Full,https://ftp.ncbi.nlm.nih.gov/genomes/all/GCF/025/822/605/GCF_025822605.1_ASM2582260v1,Mycolicibacterium_komossense,2,1
245522,GCF_025822765.1,319709,319709,Mycobacterium barrassiae,strain=CCUG 50398,Scaffold,Full,https://ftp.ncbi.nlm.nih.gov/genomes/all/GCF/025/822/765/GCF_025822765.1_ASM2582276v1,Mycobacterium_barrassiae,2,1
245539,GCF_025823105.1,39693,39693,Mycolicibacterium porcinum,strain=DSM 44242,Contig,Full,https://ftp.ncbi.nlm.nih.gov/genomes/all/GCF/025/823/105/GCF_025823105.1_ASM2582310v1,Mycolicibacterium_porcinum,2,1
245543,GCF_025823185.1,368477,368477,Mycobacterium yunnanensis,strain=DSM 44838,Scaffold,Full,https://ftp.ncbi.nlm.nih.gov/genomes/all/GCF/025/823/185/GCF_025823185.1_ASM2582318v1,Mycobacterium_yunnanensis,2,1
245550,GCF_025823315.1,146021,146021,Mycolicibacterium houstonense,strain=DSM 44676,Scaffold,Full,https://ftp.ncbi.nlm.nih.gov/genomes/all/GCF/025/823/315/GCF_025823315.1_ASM2582331v1,Mycolicibacterium_houstonense,2,1
274105,GCF_900078685.2,1792835,1792835,Mycolicibacter icosiumassiliensis,strain=8WA6,Scaffold,Full,https://ftp.ncbi.nlm.nih.gov/genomes/all/GCF/900/078/685/GCF_900078685.2_PRJEB13234,Mycolicibacter_icosiumassiliensis,2,1
280233,GCF_900157365.1,1841861,1841861,Mycobacterium numidiamassiliense,strain=AB215,Contig,Full,https://ftp.ncbi.nlm.nih.gov/genomes/all/GCF/900/157/365/GCF_900157365.1_PRJEB19151,Mycobacterium_numidiamassiliense,2,1
280234,GCF_900157375.1,1841860,1841860,Mycobacterium rhizamassiliense,strain=AB57,Scaffold,Full,https://ftp.ncbi.nlm.nih.gov/genomes/all/GCF/900/157/375/GCF_900157375.1_PRJEB19165,Mycobacterium_rhizamassiliense,2,1
280235,GCF_900157385.1,1841859,1841859,Mycobacterium terramassiliense,strain=AB308,Scaffold,Full,https://ftp.ncbi.nlm.nih.gov/genomes/all/GCF/900/157/385/GCF_900157385.1_PRJEB19184,Mycobacterium_terramassiliense,2,1
281586,GCF_900176255.2,1964395,1964395,Mycobacterium ahvazicum,strain=AFP003,Contig,Full,https://ftp.ncbi.nlm.nih.gov/genomes/all/GCF/900/176/255/GCF_900176255.2_PRJEB20293,Mycobacterium_ahvazicum,2,1
283932,GCF_900232515.1,627089,627089,Mycobacterium simulans,strain=FB-527,Scaffold,Full,https://ftp.ncbi.nlm.nih.gov/genomes/all/GCF/900/232/515/GCF_900232515.1_PRJEB22948,Mycobacterium_simulans,2,1
290171,GCF_900566055.1,2341083,2341083,Mycobacterium innocens,strain=MK13,Contig,Full,https://ftp.ncbi.nlm.nih.gov/genomes/all/GCF/900/566/055/GCF_900566055.1_LAUMK13,Mycobacterium_innocens,2,1
290172,GCF_900566065.1,2341086,2341086,Mycobacterium attenuatum,strain=MK136,Contig,Full,https://ftp.ncbi.nlm.nih.gov/genomes/all/GCF/900/566/065/GCF_900566065.1_LAUMK136,Mycobacterium_attenuatum,2,1
296685,GCF_902168065.1,44467,44467,Mycobacterium tilburgii,strain=MEPHI,Scaffold,Full,https://ftp.ncbi.nlm.nih.gov/genomes/all/GCF/902/168/065/GCF_902168065.1_PRJEB33515,Mycobacterium_tilburgii,2,1
